SaleID,Date,ProductID,CustomerID,Region,Quantity,UnitPrice,Discount
1,2025-02-23,16,CUST0038,North,4,685.0,0.15
2,2024-05-01,7,CUST0050,West,8,123.0,0.05
3,2024-01-20,11,CUST0092,West,6,675.0,0.1
4,2024-12-16,6,CUST0059,West,6,537.0,0.15
5,2024-05-06,19,CUST0050,North,7,37.0,0.0
6,2025-02-12,28,CUST0039,West,2,54.0,0.1
7,2024-05-28,29,CUST0090,West,8,791.0,0.1
8,2025-06-30,11,CUST0016,West,4,675.0,0.05
9,2024-11-14,7,CUST0074,East,6,123.0,0.1
10,2025-10-28,6,CUST0022,West,2,537.0,0.15
11,2024-02-02,9,CUST0064,West,12,262.0,0.05
12,2024-10-28,8,CUST0006,East,8,21.0,0.05
13,2025-06-30,1,CUST0092,East,1,4.0,0.15
14,2025-01-17,29,CUST0053,South,4,791.0,0.05
15,2024-01-02,23,CUST0083,South,10,504.0,0.1
16,2024-11-19,29,CUST0083,South,8,791.0,0.0
17,2025-12-02,28,CUST0071,East,2,54.0,0.05
18,2025-07-24,21,CUST0013,South,9,29.0,0.15
19,2024-04-30,6,CUST0027,East,8,537.0,0.1
20,2024-03-02,11,CUST0087,South,3,675.0,0.1
21,2024-11-01,29,CUST0050,South,2,791.0,0.05
22,2025-12-30,9,CUST0011,South,7,262.0,0.0
23,2025-10-30,27,CUST0001,North,12,56.0,0.05
24,2024-10-31,7,CUST0017,East,6,123.0,0.15
25,2025-02-14,28,CUST0045,East,8,54.0,0.0
26,2025-06-03,23,CUST0009,West,10,504.0,0.05
27,2025-02-17,14,CUST0027,West,9,16.0,0.1
28,2024-09-10,3,CUST0006,West,3,10.0,0.15
29,2025-08-05,23,CUST0084,East,1,504.0,0.15
30,2024-02-06,20,CUST0017,West,12,544.0,0.0
31,2024-10-22,30,CUST0067,East,4,504.0,0.1
32,2024-02-04,28,CUST0089,South,6,54.0,0.15
33,2025-07-18,1,CUST0064,South,5,4.0,0.1
34,2024-07-25,15,CUST0027,East,2,546.0,0.0
35,2025-09-26,16,CUST0001,South,2,685.0,0.15
36,2024-08-29,2,CUST0037,North,1,11.0,0.05
37,2025-12-20,15,CUST0023,East,4,546.0,0.0
38,2025-03-27,11,CUST0080,East,1,675.0,0.15
39,2025-08-22,18,CUST0078,North,5,711.0,0.1
40,2024-12-02,18,CUST0039,West,5,711.0,0.1
41,2025-09-28,5,CUST0093,West,9,491.0,0.15
42,2024-05-18,14,CUST0068,North,9,16.0,0.1
43,2025-04-27,2,CUST0023,North,12,11.0,0.05
44,2025-09-20,17,CUST0068,West,11,30.0,0.05
45,2025-10-29,29,CUST0064,South,1,791.0,0.05
46,2024-02-16,22,CUST0071,West,9,6.0,0.0
47,2025-04-16,20,CUST0018,East,1,544.0,0.1
48,2025-01-23,12,CUST0093,East,9,125.0,0.15
49,2025-06-29,20,CUST0013,South,8,544.0,0.15
50,2024-09-11,12,CUST0015,South,2,125.0,0.05
51,2025-09-15,13,CUST0050,East,2,328.0,0.05
52,2025-04-12,1,CUST0074,North,5,4.0,0.15
53,2025-06-17,17,CUST0056,North,11,30.0,0.05
54,2024-01-17,23,CUST0076,West,12,504.0,0.15
55,2024-06-26,28,CUST0097,East,7,54.0,0.0
56,2025-09-24,1,CUST0011,East,2,4.0,0.1
57,2024-11-27,7,CUST0043,East,4,123.0,0.05
58,2025-08-03,15,CUST0055,North,9,546.0,0.05
59,2024-04-29,15,CUST0086,East,6,546.0,0.15
60,2025-07-11,28,CUST0076,North,4,54.0,0.15
61,2025-09-13,22,CUST0030,East,11,6.0,0.15
62,2024-07-28,15,CUST0055,East,4,546.0,0.1
63,2025-03-27,4,CUST0092,West,12,23.0,0.0
64,2025-04-21,15,CUST0012,South,6,546.0,0.1
65,2025-08-19,8,CUST0034,South,4,21.0,0.0
66,2025-09-14,15,CUST0005,North,7,546.0,0.1
67,2024-02-11,1,CUST0030,East,5,4.0,0.15
68,2024-05-04,25,CUST0002,West,2,662.0,0.0
69,2025-06-27,24,CUST0093,East,8,29.0,0.15
70,2025-01-09,10,CUST0063,West,5,41.0,0.1
71,2025-05-19,5,CUST0044,South,7,491.0,0.0
72,2025-04-01,26,CUST0055,West,6,292.0,0.05
73,2025-11-10,13,CUST0082,West,6,328.0,0.15
74,2025-08-31,27,CUST0023,South,1,56.0,0.05
75,2025-07-24,28,CUST0056,South,1,54.0,0.0
76,2024-02-08,8,CUST0038,East,6,21.0,0.1
77,2025-05-02,4,CUST0041,North,2,23.0,0.1
78,2025-11-23,18,CUST0053,West,1,711.0,0.15
79,2025-12-24,4,CUST0060,South,6,23.0,0.1
80,2024-10-14,13,CUST0020,West,11,328.0,0.0
81,2024-07-22,19,CUST0011,West,1,37.0,0.05
82,2025-06-14,17,CUST0006,South,4,30.0,0.15
83,2024-11-24,16,CUST0020,East,5,685.0,0.1
84,2025-08-11,12,CUST0049,North,2,125.0,0.1
85,2024-08-24,7,CUST0058,East,3,123.0,0.0
86,2025-12-02,2,CUST0056,East,9,11.0,0.1
87,2025-04-09,3,CUST0057,South,10,10.0,0.0
88,2024-05-15,17,CUST0049,South,12,30.0,0.1
89,2024-11-15,9,CUST0040,East,5,262.0,0.15
90,2025-07-23,6,CUST0038,North,11,537.0,0.0
91,2025-06-11,22,CUST0040,East,8,6.0,0.05
92,2025-11-23,2,CUST0060,East,11,11.0,0.1
93,2024-12-26,11,CUST0060,East,7,675.0,0.15
94,2025-10-09,6,CUST0068,North,4,537.0,0.0
95,2025-06-04,12,CUST0048,East,1,125.0,0.1
96,2024-04-18,28,CUST0066,South,1,54.0,0.15
97,2025-07-06,19,CUST0060,North,11,37.0,0.05
98,2024-01-19,26,CUST0084,East,11,292.0,0.0
99,2025-04-10,7,CUST0069,West,10,123.0,0.05
100,2024-06-03,6,CUST0028,East,6,537.0,0.1
101,2024-06-19,20,CUST0072,North,7,544.0,0.05
102,2025-08-24,28,CUST0005,West,1,54.0,0.1
103,2025-05-06,4,CUST0074,East,3,23.0,0.05
104,2025-06-23,15,CUST0088,North,8,546.0,0.15
105,2024-01-03,27,CUST0055,East,9,56.0,0.05
106,2025-02-01,24,CUST0067,West,5,29.0,0.15
107,2025-04-24,20,CUST0005,West,10,544.0,0.1
108,2024-11-07,28,CUST0022,North,11,54.0,0.1
109,2024-08-31,26,CUST0049,West,9,292.0,0.1
110,2024-02-09,8,CUST0031,West,7,21.0,0.1
111,2025-07-12,23,CUST0004,South,12,504.0,0.15
112,2024-08-19,16,CUST0060,North,11,685.0,0.1
113,2024-05-31,20,CUST0043,West,7,544.0,0.15
114,2025-11-09,18,CUST0059,South,8,711.0,0.15
115,2025-12-29,30,CUST0071,West,11,504.0,0.1
116,2024-07-29,16,CUST0060,East,9,685.0,0.05
117,2025-04-10,8,CUST0098,North,3,21.0,0.15
118,2024-07-27,18,CUST0072,North,7,711.0,0.05
119,2024-11-16,18,CUST0010,North,9,711.0,0.15
120,2025-12-20,29,CUST0032,North,7,791.0,0.15
121,2025-04-01,27,CUST0025,West,10,56.0,0.0
122,2025-07-08,23,CUST0033,West,10,504.0,0.0
123,2024-04-15,26,CUST0078,West,9,292.0,0.1
124,2025-05-19,16,CUST0022,South,3,685.0,0.05
125,2024-01-23,27,CUST0089,West,8,56.0,0.1
126,2024-01-23,16,CUST0083,North,11,685.0,0.1
127,2024-05-11,26,CUST0032,East,11,292.0,0.0
128,2024-08-24,30,CUST0051,North,5,504.0,0.05
129,2024-06-05,12,CUST0063,North,9,125.0,0.0
130,2025-02-05,7,CUST0011,North,4,123.0,0.05
131,2024-07-05,7,CUST0013,East,6,123.0,0.05
132,2024-10-10,19,CUST0089,South,12,37.0,0.05
133,2025-11-18,5,CUST0078,West,3,491.0,0.15
134,2024-02-01,9,CUST0076,North,12,262.0,0.15
135,2024-08-12,7,CUST0074,West,4,123.0,0.05
136,2024-04-24,24,CUST0072,North,12,29.0,0.05
137,2024-07-05,30,CUST0094,South,10,504.0,0.1
138,2024-07-01,24,CUST0007,West,11,29.0,0.0
139,2024-06-16,28,CUST0001,East,8,54.0,0.1
140,2025-12-24,10,CUST0038,North,9,41.0,0.0
141,2025-10-04,10,CUST0014,North,9,41.0,0.15
142,2025-09-21,27,CUST0054,North,11,56.0,0.05
143,2024-03-22,24,CUST0003,South,5,29.0,0.0
144,2024-09-30,19,CUST0094,West,12,37.0,0.1
145,2025-06-23,28,CUST0036,East,9,54.0,0.1
146,2025-08-31,16,CUST0013,North,3,685.0,0.05
147,2024-05-20,8,CUST0100,East,12,21.0,0.05
148,2024-08-24,29,CUST0047,North,2,791.0,0.05
149,2024-07-26,6,CUST0073,West,4,537.0,0.05
150,2024-05-05,20,CUST0017,West,9,544.0,0.15
151,2025-06-08,13,CUST0048,East,9,328.0,0.15
152,2024-08-02,18,CUST0037,East,6,711.0,0.05
153,2024-10-27,21,CUST0038,East,3,29.0,0.05
154,2024-04-11,17,CUST0051,West,10,30.0,0.0
155,2024-09-08,30,CUST0072,East,1,504.0,0.1
156,2025-01-22,14,CUST0073,East,12,16.0,0.05
157,2025-05-12,27,CUST0059,South,6,56.0,0.0
158,2024-06-08,29,CUST0066,South,4,791.0,0.15
159,2025-04-21,22,CUST0099,North,3,6.0,0.1
160,2024-02-18,12,CUST0002,North,7,125.0,0.15
161,2025-02-18,14,CUST0049,North,2,16.0,0.05
162,2024-10-09,7,CUST0043,North,3,123.0,0.15
163,2024-02-27,5,CUST0003,East,10,491.0,0.05
164,2025-02-26,30,CUST0071,South,7,504.0,0.0
165,2025-04-28,27,CUST0007,North,8,56.0,0.1
166,2025-03-28,22,CUST0084,North,8,6.0,0.0
167,2024-09-24,6,CUST0074,East,9,537.0,0.15
168,2024-08-10,20,CUST0085,South,10,544.0,0.15
169,2024-11-30,25,CUST0086,North,9,662.0,0.1
170,2025-06-20,7,CUST0015,East,10,123.0,0.05
171,2024-01-31,4,CUST0038,East,10,23.0,0.0
172,2025-06-09,18,CUST0025,North,10,711.0,0.15
173,2025-07-21,16,CUST0019,South,6,685.0,0.1
174,2024-04-03,17,CUST0098,East,12,30.0,0.15
175,2024-12-23,24,CUST0095,East,5,29.0,0.0
176,2025-10-26,23,CUST0081,East,3,504.0,0.0
177,2025-09-21,29,CUST0024,East,10,791.0,0.05
178,2025-08-06,1,CUST0014,East,9,4.0,0.1
179,2024-12-01,29,CUST0094,East,3,791.0,0.1
180,2025-08-10,18,CUST0044,West,10,711.0,0.15
181,2025-11-02,21,CUST0025,North,10,29.0,0.1
182,2024-02-19,1,CUST0025,South,11,4.0,0.0
183,2024-09-27,9,CUST0072,East,11,262.0,0.15
184,2024-11-07,22,CUST0057,North,4,6.0,0.05
185,2024-09-15,6,CUST0060,South,6,537.0,0.15
186,2025-05-12,8,CUST0058,North,5,21.0,0.15
187,2025-03-25,23,CUST0071,North,9,504.0,0.05
188,2025-05-08,8,CUST0078,North,8,21.0,0.1
189,2024-01-30,29,CUST0056,West,12,791.0,0.15
190,2024-05-29,24,CUST0066,East,1,29.0,0.05
191,2024-07-18,7,CUST0060,West,3,123.0,0.0
192,2024-11-05,27,CUST0082,North,10,56.0,0.1
193,2025-07-12,11,CUST0076,South,1,675.0,0.05
194,2025-05-14,5,CUST0048,East,9,491.0,0.15
195,2025-03-27,22,CUST0006,East,1,6.0,0.0
196,2024-01-27,1,CUST0030,South,8,4.0,0.15
197,2024-11-15,1,CUST0087,North,6,4.0,0.15
198,2024-10-23,8,CUST0048,West,4,21.0,0.1
199,2024-06-16,12,CUST0065,West,3,125.0,0.0
200,2025-08-31,4,CUST0055,West,2,23.0,0.0
201,2025-03-31,7,CUST0071,East,3,123.0,0.1
202,2025-12-31,20,CUST0075,North,7,544.0,0.1
203,2024-08-15,11,CUST0037,West,10,675.0,0.15
204,2024-10-26,2,CUST0050,North,10,11.0,0.0
205,2025-07-08,11,CUST0091,North,9,675.0,0.15
206,2024-05-18,25,CUST0011,North,3,662.0,0.0
207,2024-12-19,20,CUST0071,South,3,544.0,0.1
208,2025-09-13,20,CUST0095,South,12,544.0,0.15
209,2025-11-12,22,CUST0065,South,10,6.0,0.05
210,2025-12-25,18,CUST0068,East,8,711.0,0.0
211,2024-06-29,4,CUST0036,West,5,23.0,0.15
212,2025-05-30,30,CUST0018,East,10,504.0,0.15
213,2025-02-22,18,CUST0004,East,8,711.0,0.15
214,2024-11-24,15,CUST0005,East,11,546.0,0.0
215,2025-04-21,22,CUST0030,East,11,6.0,0.1
216,2024-05-24,23,CUST0046,North,2,504.0,0.15
217,2025-11-23,19,CUST0025,North,1,37.0,0.0
218,2025-12-03,27,CUST0048,East,12,56.0,0.15
219,2025-09-23,24,CUST0015,North,3,29.0,0.05
220,2024-02-18,30,CUST0023,South,2,504.0,0.05
221,2024-08-20,15,CUST0091,West,4,546.0,0.1
222,2025-02-14,15,CUST0041,West,9,546.0,0.1
223,2024-09-12,13,CUST0095,South,8,328.0,0.0
224,2024-08-26,15,CUST0038,West,3,546.0,0.05
225,2024-01-03,13,CUST0094,North,9,328.0,0.15
226,2024-12-03,8,CUST0077,North,11,21.0,0.05
227,2024-03-30,10,CUST0020,South,2,41.0,0.05
228,2024-10-23,7,CUST0087,East,2,123.0,0.05
229,2025-03-15,25,CUST0024,South,10,662.0,0.1
230,2024-04-17,7,CUST0097,West,3,123.0,0.1
231,2025-04-25,18,CUST0047,West,11,711.0,0.0
232,2024-12-02,16,CUST0089,South,10,685.0,0.0
233,2025-04-14,30,CUST0034,West,1,504.0,0.05
234,2024-02-19,2,CUST0023,South,3,11.0,0.1
235,2024-06-22,4,CUST0010,South,10,23.0,0.15
236,2024-07-31,27,CUST0015,East,8,56.0,0.1
237,2024-12-07,20,CUST0048,East,10,544.0,0.15
238,2025-01-26,23,CUST0049,West,3,504.0,0.1
239,2024-02-02,25,CUST0006,West,9,662.0,0.0
240,2025-11-15,11,CUST0083,South,9,675.0,0.15
241,2024-05-21,24,CUST0009,South,1,29.0,0.1
242,2025-11-04,6,CUST0014,North,5,537.0,0.0
243,2025-04-05,23,CUST0062,North,11,504.0,0.05
244,2025-02-28,6,CUST0054,East,6,537.0,0.0
245,2024-06-08,4,CUST0062,North,6,23.0,0.0
246,2024-08-04,5,CUST0088,North,1,491.0,0.1
247,2024-04-03,18,CUST0051,North,1,711.0,0.05
248,2025-12-23,9,CUST0038,West,8,262.0,0.1
249,2025-08-27,3,CUST0094,East,3,10.0,0.1
250,2024-09-26,30,CUST0060,West,10,504.0,0.05
251,2025-11-06,22,CUST0100,North,3,6.0,0.1
252,2025-02-07,22,CUST0097,West,12,6.0,0.0
253,2025-09-08,14,CUST0059,North,7,16.0,0.1
254,2025-03-05,24,CUST0082,East,2,29.0,0.05
255,2024-12-29,22,CUST0032,South,10,6.0,0.0
256,2024-05-29,7,CUST0077,West,11,123.0,0.15
257,2025-04-21,22,CUST0075,West,11,6.0,0.05
258,2024-07-03,16,CUST0077,South,1,685.0,0.0
259,2025-09-08,13,CUST0023,West,12,328.0,0.1
260,2025-08-14,7,CUST0042,North,10,123.0,0.15
261,2025-12-29,24,CUST0070,East,7,29.0,0.0
262,2025-11-01,8,CUST0005,West,9,21.0,0.1
263,2025-03-12,18,CUST0053,North,4,711.0,0.1
264,2024-07-04,18,CUST0041,South,1,711.0,0.05
265,2025-04-04,3,CUST0041,South,3,10.0,0.05
266,2024-02-15,18,CUST0072,East,9,711.0,0.0
267,2025-03-09,23,CUST0079,East,3,504.0,0.0
268,2024-11-25,27,CUST0052,East,1,56.0,0.0
269,2024-09-19,16,CUST0087,South,12,685.0,0.15
270,2024-02-11,21,CUST0067,South,10,29.0,0.0
271,2025-08-25,4,CUST0051,East,5,23.0,0.1
272,2024-10-07,21,CUST0071,West,6,29.0,0.15
273,2025-06-26,1,CUST0099,West,9,4.0,0.05
274,2025-10-12,3,CUST0094,East,6,10.0,0.0
275,2025-03-18,21,CUST0093,West,4,29.0,0.05
276,2024-01-05,5,CUST0064,West,9,491.0,0.05
277,2025-04-29,18,CUST0062,North,5,711.0,0.05
278,2025-03-03,27,CUST0095,North,11,56.0,0.15
279,2025-07-15,15,CUST0030,South,7,546.0,0.05
280,2024-12-19,7,CUST0094,West,1,123.0,0.0
281,2025-06-28,20,CUST0009,West,2,544.0,0.05
282,2024-10-20,24,CUST0012,North,7,29.0,0.15
283,2025-07-26,19,CUST0055,North,6,37.0,0.15
284,2024-07-29,18,CUST0010,North,3,711.0,0.1
285,2025-08-29,6,CUST0023,West,1,537.0,0.0
286,2024-01-22,1,CUST0080,North,1,4.0,0.05
287,2025-02-01,17,CUST0095,South,3,30.0,0.05
288,2025-03-01,10,CUST0038,East,8,41.0,0.1
289,2025-06-11,8,CUST0017,South,10,21.0,0.05
290,2025-06-20,9,CUST0066,North,1,262.0,0.1
291,2025-07-10,22,CUST0018,West,1,6.0,0.05
292,2024-09-11,24,CUST0100,West,4,29.0,0.1
293,2024-11-05,14,CUST0035,East,12,16.0,0.15
294,2024-08-07,20,CUST0041,South,11,544.0,0.15
295,2024-08-16,5,CUST0074,North,7,491.0,0.0
296,2025-06-11,14,CUST0003,North,11,16.0,0.15
297,2024-07-28,20,CUST0078,North,12,544.0,0.1
298,2025-02-28,22,CUST0076,East,2,6.0,0.1
299,2024-08-24,5,CUST0002,North,8,491.0,0.0
300,2025-04-17,28,CUST0014,North,3,54.0,0.0
301,2024-04-22,5,CUST0034,West,7,491.0,0.1
302,2024-07-12,20,CUST0072,North,9,544.0,0.15
303,2024-05-31,20,CUST0003,East,6,544.0,0.0
304,2024-12-08,12,CUST0008,West,4,125.0,0.05
305,2024-05-31,24,CUST0027,East,5,29.0,0.15
306,2024-01-25,25,CUST0011,West,9,662.0,0.15
307,2025-10-30,1,CUST0089,North,9,4.0,0.1
308,2025-02-02,22,CUST0071,East,12,6.0,0.15
309,2025-01-09,11,CUST0088,West,4,675.0,0.05
310,2025-02-23,16,CUST0065,South,12,685.0,0.0
311,2025-01-13,3,CUST0014,West,9,10.0,0.1
312,2025-01-25,28,CUST0099,West,5,54.0,0.0
313,2025-07-22,21,CUST0011,North,8,29.0,0.05
314,2024-07-22,22,CUST0005,South,5,6.0,0.1
315,2024-01-23,20,CUST0084,East,8,544.0,0.1
316,2024-09-03,4,CUST0065,West,6,23.0,0.15
317,2025-04-12,18,CUST0033,North,5,711.0,0.0
318,2024-07-15,7,CUST0022,South,7,123.0,0.05
319,2025-02-25,6,CUST0074,North,8,537.0,0.15
320,2025-01-26,27,CUST0100,South,4,56.0,0.1
321,2024-01-20,8,CUST0057,West,2,21.0,0.15
322,2025-09-12,26,CUST0037,East,8,292.0,0.1
323,2024-12-01,2,CUST0016,West,10,11.0,0.0
324,2024-02-29,27,CUST0098,North,3,56.0,0.15
325,2024-02-03,23,CUST0077,North,6,504.0,0.05
326,2025-07-05,18,CUST0008,West,8,711.0,0.15
327,2024-03-05,27,CUST0052,South,12,56.0,0.05
328,2025-10-03,16,CUST0099,East,5,685.0,0.0
329,2025-02-15,17,CUST0014,South,9,30.0,0.1
330,2024-01-16,22,CUST0006,East,10,6.0,0.15
331,2025-04-06,16,CUST0097,East,5,685.0,0.05
332,2024-10-23,22,CUST0065,East,7,6.0,0.1
333,2024-09-13,26,CUST0013,West,8,292.0,0.15
334,2024-07-18,26,CUST0073,West,4,292.0,0.0
335,2025-12-25,16,CUST0037,West,11,685.0,0.0
336,2025-12-03,18,CUST0073,West,12,711.0,0.0
337,2025-09-14,8,CUST0038,North,3,21.0,0.0
338,2024-02-29,17,CUST0064,East,2,30.0,0.05
339,2025-04-11,13,CUST0080,East,11,328.0,0.05
340,2024-06-03,25,CUST0092,South,2,662.0,0.05
341,2024-02-20,12,CUST0011,East,6,125.0,0.0
342,2024-08-07,2,CUST0027,East,12,11.0,0.1
343,2025-03-02,14,CUST0017,East,2,16.0,0.15
344,2025-11-12,6,CUST0073,East,11,537.0,0.0
345,2024-06-27,17,CUST0047,North,3,30.0,0.15
346,2024-08-09,20,CUST0009,East,5,544.0,0.1
347,2024-12-18,2,CUST0088,West,9,11.0,0.0
348,2024-05-10,15,CUST0047,North,1,546.0,0.0
349,2024-04-30,4,CUST0035,East,12,23.0,0.05
350,2024-08-26,1,CUST0070,East,11,4.0,0.1
351,2024-12-23,12,CUST0036,East,3,125.0,0.0
352,2024-10-11,30,CUST0037,North,8,504.0,0.0
353,2025-04-30,19,CUST0069,North,12,37.0,0.1
354,2024-06-19,13,CUST0004,North,5,328.0,0.15
355,2024-12-27,16,CUST0012,North,2,685.0,0.0
356,2025-06-23,3,CUST0015,East,2,10.0,0.0
357,2024-01-14,10,CUST0001,North,3,41.0,0.05
358,2025-12-05,2,CUST0100,North,8,11.0,0.0
359,2025-06-22,29,CUST0029,West,8,791.0,0.0
360,2025-12-07,28,CUST0096,West,12,54.0,0.15
361,2025-11-24,8,CUST0005,East,4,21.0,0.1
362,2024-04-21,7,CUST0076,East,6,123.0,0.15
363,2025-04-27,30,CUST0038,East,2,504.0,0.15
364,2025-09-06,26,CUST0042,South,1,292.0,0.0
365,2025-09-30,21,CUST0053,South,4,29.0,0.0
366,2025-05-29,15,CUST0025,West,2,546.0,0.0
367,2024-10-08,1,CUST0042,North,3,4.0,0.15
368,2025-01-18,21,CUST0098,West,4,29.0,0.1
369,2024-05-01,27,CUST0034,South,7,56.0,0.05
370,2024-09-29,28,CUST0015,East,1,54.0,0.15
371,2025-02-22,9,CUST0044,North,3,262.0,0.0
372,2024-05-14,2,CUST0007,East,4,11.0,0.0
373,2024-02-12,5,CUST0062,South,9,491.0,0.05
374,2024-07-16,28,CUST0059,South,8,54.0,0.1
375,2024-04-02,19,CUST0034,East,11,37.0,0.15
376,2024-04-17,15,CUST0091,West,2,546.0,0.0
377,2025-09-15,29,CUST0080,East,10,791.0,0.0
378,2024-11-07,3,CUST0002,East,12,10.0,0.0
379,2024-06-30,23,CUST0099,North,8,504.0,0.05
380,2024-01-08,7,CUST0030,South,1,123.0,0.1
381,2025-07-22,3,CUST0093,West,5,10.0,0.05
382,2024-07-10,28,CUST0082,West,8,54.0,0.15
383,2025-02-23,28,CUST0021,South,3,54.0,0.0
384,2024-06-28,22,CUST0066,East,3,6.0,0.0
385,2024-01-31,26,CUST0096,North,7,292.0,0.15
386,2025-11-23,27,CUST0064,South,1,56.0,0.0
387,2024-02-16,27,CUST0074,North,4,56.0,0.0
388,2024-05-09,8,CUST0046,West,2,21.0,0.1
389,2024-09-30,11,CUST0096,South,6,675.0,0.15
390,2025-12-01,29,CUST0035,West,6,791.0,0.0
391,2024-02-09,10,CUST0005,West,12,41.0,0.0
392,2024-11-22,30,CUST0037,South,2,504.0,0.15
393,2025-06-29,20,CUST0052,South,5,544.0,0.1
394,2024-08-24,3,CUST0049,East,12,10.0,0.15
395,2025-09-24,5,CUST0002,South,4,491.0,0.15
396,2024-08-17,19,CUST0062,North,9,37.0,0.1
397,2024-03-07,21,CUST0045,South,8,29.0,0.1
398,2024-04-06,13,CUST0024,North,3,328.0,0.05
399,2025-06-29,8,CUST0090,South,12,21.0,0.1
400,2025-06-07,9,CUST0096,East,7,262.0,0.05
401,2025-04-02,18,CUST0042,South,9,711.0,0.0
402,2024-08-12,7,CUST0018,West,3,123.0,0.05
403,2024-01-13,3,CUST0037,East,8,10.0,0.0
404,2024-02-04,20,CUST0046,East,8,544.0,0.15
405,2024-09-10,1,CUST0059,South,9,4.0,0.0
406,2024-06-03,8,CUST0094,West,5,21.0,0.1
407,2024-06-23,7,CUST0099,North,9,123.0,0.15
408,2025-06-21,28,CUST0092,North,9,54.0,0.15
409,2024-01-15,2,CUST0064,North,3,11.0,0.05
410,2024-04-02,27,CUST0074,North,7,56.0,0.05
411,2025-11-15,27,CUST0087,East,12,56.0,0.1
412,2025-04-12,4,CUST0004,North,7,23.0,0.0
413,2025-11-06,29,CUST0044,North,7,791.0,0.0
414,2025-09-29,14,CUST0098,West,11,16.0,0.05
415,2025-09-09,17,CUST0052,West,5,30.0,0.05
416,2025-05-03,6,CUST0008,West,7,537.0,0.1
417,2024-01-30,20,CUST0092,East,8,544.0,0.1
418,2025-05-23,26,CUST0093,East,11,292.0,0.05
419,2024-05-06,11,CUST0025,East,7,675.0,0.05
420,2025-05-18,29,CUST0026,East,8,791.0,0.05
421,2025-03-14,20,CUST0077,South,10,544.0,0.1
422,2024-06-23,16,CUST0013,West,2,685.0,0.0
423,2025-08-03,5,CUST0091,North,11,491.0,0.1
424,2024-06-14,10,CUST0012,North,2,41.0,0.15
425,2025-09-26,19,CUST0067,South,3,37.0,0.0
426,2025-07-29,7,CUST0048,West,2,123.0,0.15
427,2024-08-22,11,CUST0026,West,1,675.0,0.0
428,2025-09-05,10,CUST0018,South,3,41.0,0.15
429,2024-07-16,9,CUST0074,South,1,262.0,0.15
430,2024-04-01,2,CUST0097,West,9,11.0,0.15
431,2024-06-03,10,CUST0032,South,5,41.0,0.0
432,2025-08-11,22,CUST0094,East,5,6.0,0.15
433,2025-05-14,23,CUST0088,East,11,504.0,0.1
434,2025-12-18,13,CUST0008,North,8,328.0,0.0
435,2024-08-19,26,CUST0048,South,2,292.0,0.0
436,2025-11-29,4,CUST0083,North,8,23.0,0.1
437,2024-05-04,16,CUST0068,North,3,685.0,0.0
438,2024-09-02,26,CUST0087,South,12,292.0,0.05
439,2024-01-21,6,CUST0064,South,6,537.0,0.1
440,2025-01-09,27,CUST0029,East,11,56.0,0.05
441,2024-08-29,30,CUST0001,North,8,504.0,0.05
442,2024-05-27,3,CUST0066,East,11,10.0,0.1
443,2024-05-30,11,CUST0099,East,3,675.0,0.0
444,2024-10-26,15,CUST0029,East,6,546.0,0.0
445,2025-11-04,26,CUST0004,South,3,292.0,0.05
446,2024-06-27,22,CUST0015,North,8,6.0,0.05
447,2025-03-09,1,CUST0075,West,7,4.0,0.1
448,2025-02-23,10,CUST0050,North,7,41.0,0.15
449,2025-03-31,20,CUST0027,West,10,544.0,0.15
450,2025-07-28,8,CUST0090,South,6,21.0,0.05
451,2024-11-02,22,CUST0055,North,3,6.0,0.05
452,2024-02-01,2,CUST0002,West,10,11.0,0.15
453,2024-10-01,26,CUST0012,South,5,292.0,0.1
454,2025-04-27,1,CUST0070,South,6,4.0,0.05
455,2025-07-03,25,CUST0017,West,3,662.0,0.05
456,2024-09-11,27,CUST0017,East,11,56.0,0.1
457,2024-08-27,23,CUST0081,North,9,504.0,0.0
458,2025-01-29,7,CUST0045,East,6,123.0,0.0
459,2025-02-12,25,CUST0018,South,3,662.0,0.1
460,2024-07-29,1,CUST0096,East,10,4.0,0.05
461,2025-01-18,2,CUST0088,North,6,11.0,0.15
462,2024-12-11,12,CUST0033,North,7,125.0,0.1
463,2025-12-23,28,CUST0087,South,7,54.0,0.0
464,2025-12-15,12,CUST0078,East,1,125.0,0.05
465,2024-11-11,10,CUST0043,North,6,41.0,0.1
466,2025-06-29,9,CUST0089,North,6,262.0,0.0
467,2024-09-25,21,CUST0098,East,4,29.0,0.05
468,2025-11-20,24,CUST0083,North,8,29.0,0.15
469,2025-08-13,23,CUST0007,East,11,504.0,0.15
470,2025-01-31,13,CUST0006,North,11,328.0,0.0
471,2025-12-06,4,CUST0016,North,1,23.0,0.0
472,2024-07-23,6,CUST0087,South,12,537.0,0.1
473,2025-10-18,13,CUST0021,West,4,328.0,0.15
474,2025-03-29,18,CUST0003,West,6,711.0,0.0
475,2025-01-22,13,CUST0017,East,5,328.0,0.0
476,2024-07-29,27,CUST0027,South,7,56.0,0.1
477,2024-06-27,18,CUST0074,East,9,711.0,0.05
478,2025-03-18,7,CUST0079,East,5,123.0,0.05
479,2024-04-24,8,CUST0068,North,8,21.0,0.1
480,2025-01-30,17,CUST0045,South,7,30.0,0.05
481,2025-05-30,10,CUST0022,North,5,41.0,0.15
482,2024-01-23,16,CUST0052,South,11,685.0,0.0
483,2024-04-06,22,CUST0092,East,5,6.0,0.1
484,2024-12-03,10,CUST0076,West,12,41.0,0.1
485,2025-12-13,25,CUST0071,North,3,662.0,0.05
486,2024-06-02,2,CUST0058,West,6,11.0,0.1
487,2024-10-12,16,CUST0052,South,6,685.0,0.1
488,2025-04-07,5,CUST0043,East,7,491.0,0.05
489,2025-10-01,3,CUST0006,South,8,10.0,0.05
490,2024-03-03,19,CUST0077,West,6,37.0,0.1
491,2025-05-29,28,CUST0010,North,10,54.0,0.0
492,2024-09-06,27,CUST0041,East,7,56.0,0.0
493,2024-09-10,21,CUST0037,North,2,29.0,0.15
494,2025-03-25,5,CUST0044,North,11,491.0,0.1
495,2025-04-14,28,CUST0085,South,5,54.0,0.1
496,2025-11-15,13,CUST0090,East,7,328.0,0.05
497,2025-09-30,17,CUST0060,South,11,30.0,0.1
498,2025-09-03,17,CUST0082,South,7,30.0,0.0
499,2025-03-26,13,CUST0016,West,4,328.0,0.1
500,2025-09-15,18,CUST0085,East,10,711.0,0.15
501,2024-01-11,16,CUST0079,East,6,685.0,0.0
502,2024-01-27,30,CUST0014,North,7,504.0,0.15
503,2025-01-08,26,CUST0016,West,1,292.0,0.0
504,2025-09-29,15,CUST0034,South,10,546.0,0.15
505,2025-01-11,18,CUST0039,West,11,711.0,0.1
506,2025-08-14,21,CUST0006,East,10,29.0,0.1
507,2024-07-11,8,CUST0065,West,5,21.0,0.15
508,2025-11-01,21,CUST0033,East,6,29.0,0.0
509,2025-05-09,13,CUST0092,West,6,328.0,0.15
510,2025-12-12,29,CUST0077,North,4,791.0,0.15
511,2025-12-04,19,CUST0100,East,11,37.0,0.1
512,2024-04-22,7,CUST0006,West,7,123.0,0.0
513,2024-09-16,4,CUST0053,North,11,23.0,0.05
514,2025-12-14,24,CUST0041,West,8,29.0,0.05
515,2024-09-04,13,CUST0046,North,7,328.0,0.1
516,2025-02-19,11,CUST0032,North,6,675.0,0.05
517,2025-07-12,26,CUST0086,East,5,292.0,0.05
518,2025-08-28,28,CUST0011,South,1,54.0,0.0
519,2024-02-21,9,CUST0051,East,4,262.0,0.15
520,2025-03-11,11,CUST0065,South,5,675.0,0.15
521,2024-09-24,19,CUST0095,North,3,37.0,0.1
522,2025-07-21,10,CUST0081,West,12,41.0,0.15
523,2024-02-02,27,CUST0046,East,3,56.0,0.15
524,2024-03-14,4,CUST0083,North,12,23.0,0.0
525,2024-07-30,27,CUST0009,North,5,56.0,0.0
526,2025-03-03,22,CUST0074,West,8,6.0,0.15
527,2025-08-07,30,CUST0029,North,12,504.0,0.15
528,2025-05-15,4,CUST0036,West,9,23.0,0.1
529,2024-10-19,18,CUST0040,North,4,711.0,0.15
530,2025-12-19,24,CUST0029,West,3,29.0,0.05
531,2025-10-29,6,CUST0068,South,1,537.0,0.1
532,2024-04-23,19,CUST0012,North,2,37.0,0.05
533,2024-04-09,6,CUST0096,North,10,537.0,0.15
534,2025-10-12,7,CUST0098,East,11,123.0,0.1
535,2025-05-21,20,CUST0087,South,5,544.0,0.05
536,2024-11-12,2,CUST0036,South,8,11.0,0.15
537,2024-11-03,8,CUST0064,East,6,21.0,0.1
538,2025-10-02,18,CUST0007,West,10,711.0,0.15
539,2024-11-28,2,CUST0078,West,7,11.0,0.0
540,2025-08-26,26,CUST0070,North,7,292.0,0.1
541,2024-05-14,26,CUST0066,East,11,292.0,0.15
542,2025-06-28,17,CUST0085,South,8,30.0,0.05
543,2024-07-11,25,CUST0007,North,3,662.0,0.05
544,2024-06-08,26,CUST0052,East,6,292.0,0.05
545,2025-05-10,20,CUST0067,South,3,544.0,0.1
546,2025-07-08,28,CUST0022,South,4,54.0,0.15
547,2024-10-15,18,CUST0029,West,8,711.0,0.1
548,2024-09-23,5,CUST0033,West,7,491.0,0.05
549,2024-11-13,4,CUST0071,East,10,23.0,0.1
550,2025-12-12,14,CUST0003,West,7,16.0,0.15
551,2025-09-07,24,CUST0098,East,12,29.0,0.15
552,2025-11-18,19,CUST0049,North,10,37.0,0.1
553,2025-09-25,2,CUST0075,North,7,11.0,0.1
554,2024-03-11,25,CUST0038,West,8,662.0,0.1
555,2024-09-09,20,CUST0020,South,8,544.0,0.05
556,2025-04-07,4,CUST0027,East,10,23.0,0.05
557,2025-10-21,11,CUST0056,West,1,675.0,0.1
558,2025-10-10,2,CUST0043,West,3,11.0,0.1
559,2024-11-15,30,CUST0034,West,2,504.0,0.05
560,2025-01-31,18,CUST0076,West,2,711.0,0.0
561,2024-10-14,5,CUST0045,North,7,491.0,0.05
562,2024-05-23,13,CUST0043,South,8,328.0,0.05
563,2025-05-27,12,CUST0076,West,12,125.0,0.15
564,2024-04-24,20,CUST0015,South,5,544.0,0.1
565,2024-08-12,7,CUST0022,North,4,123.0,0.1
566,2025-04-10,25,CUST0029,East,9,662.0,0.0
567,2024-01-03,16,CUST0072,West,1,685.0,0.15
568,2025-03-05,8,CUST0086,North,1,21.0,0.05
569,2024-09-18,4,CUST0080,West,12,23.0,0.05
570,2024-09-05,26,CUST0076,East,2,292.0,0.0
571,2025-11-10,11,CUST0024,West,3,675.0,0.15
572,2024-05-01,10,CUST0005,South,2,41.0,0.15
573,2024-07-08,25,CUST0066,East,10,662.0,0.05
574,2025-04-27,26,CUST0069,North,3,292.0,0.15
575,2025-08-14,19,CUST0084,South,10,37.0,0.0
576,2024-06-24,17,CUST0033,South,5,30.0,0.05
577,2025-02-28,25,CUST0091,East,9,662.0,0.05
578,2024-03-10,1,CUST0091,East,12,4.0,0.05
579,2024-07-19,10,CUST0057,South,7,41.0,0.15
580,2025-02-16,29,CUST0038,West,5,791.0,0.05
581,2024-11-07,26,CUST0100,East,6,292.0,0.05
582,2025-06-10,23,CUST0099,West,9,504.0,0.1
583,2025-09-23,10,CUST0038,East,10,41.0,0.05
584,2024-06-29,23,CUST0042,West,4,504.0,0.1
585,2025-01-04,29,CUST0075,West,3,791.0,0.05
586,2024-08-01,22,CUST0034,South,3,6.0,0.05
587,2024-09-18,6,CUST0063,North,3,537.0,0.0
588,2024-07-22,15,CUST0029,South,12,546.0,0.1
589,2024-10-31,8,CUST0047,North,6,21.0,0.1
590,2025-10-01,25,CUST0044,South,6,662.0,0.1
591,2024-08-31,13,CUST0100,North,6,328.0,0.0
592,2025-07-29,13,CUST0018,North,3,328.0,0.15
593,2024-09-23,28,CUST0020,North,8,54.0,0.1
594,2024-08-21,25,CUST0005,North,8,662.0,0.05
595,2025-10-21,8,CUST0074,North,3,21.0,0.0
596,2025-04-10,9,CUST0049,East,12,262.0,0.15
597,2025-07-15,30,CUST0069,North,5,504.0,0.1
598,2025-11-20,27,CUST0038,North,10,56.0,0.1
599,2025-02-26,12,CUST0092,North,1,125.0,0.15
600,2024-09-09,12,CUST0017,West,6,125.0,0.0
601,2025-07-02,28,CUST0005,South,11,54.0,0.05
602,2025-06-18,11,CUST0010,North,10,675.0,0.0
603,2024-03-22,2,CUST0014,North,12,11.0,0.0
604,2025-10-29,2,CUST0036,West,4,11.0,0.15
605,2025-03-08,5,CUST0037,West,10,491.0,0.0
606,2024-05-12,2,CUST0027,North,12,11.0,0.05
607,2025-08-05,29,CUST0067,South,5,791.0,0.15
608,2025-01-16,29,CUST0047,North,7,791.0,0.05
609,2025-08-30,9,CUST0064,West,3,262.0,0.15
610,2025-04-18,1,CUST0023,South,7,4.0,0.05
611,2024-07-29,16,CUST0034,West,7,685.0,0.05
612,2024-03-18,6,CUST0012,North,5,537.0,0.1
613,2025-02-05,3,CUST0038,South,9,10.0,0.05
614,2024-06-23,30,CUST0056,North,7,504.0,0.0
615,2024-05-13,20,CUST0071,North,8,544.0,0.1
616,2025-06-12,28,CUST0060,East,2,54.0,0.1
617,2025-05-05,8,CUST0036,North,5,21.0,0.15
618,2024-06-23,19,CUST0100,South,8,37.0,0.05
619,2024-12-23,17,CUST0079,South,6,30.0,0.1
620,2024-01-20,28,CUST0057,South,9,54.0,0.1
621,2024-12-29,26,CUST0058,West,12,292.0,0.0
622,2025-04-20,18,CUST0089,North,10,711.0,0.15
623,2024-03-04,30,CUST0096,North,12,504.0,0.1
624,2024-10-21,21,CUST0012,South,6,29.0,0.15
625,2025-05-13,26,CUST0013,East,9,292.0,0.15
626,2024-10-22,16,CUST0097,West,1,685.0,0.0
627,2025-04-20,17,CUST0009,South,12,30.0,0.1
628,2025-06-18,8,CUST0045,South,9,21.0,0.0
629,2024-10-07,17,CUST0036,North,3,30.0,0.15
630,2025-02-24,28,CUST0032,West,8,54.0,0.15
631,2024-07-02,20,CUST0048,West,7,544.0,0.05
632,2024-09-24,9,CUST0021,East,10,262.0,0.05
633,2024-06-08,23,CUST0009,East,1,504.0,0.1
634,2025-04-09,20,CUST0100,West,5,544.0,0.1
635,2024-08-29,26,CUST0062,North,7,292.0,0.05
636,2025-04-19,12,CUST0094,North,10,125.0,0.0
637,2025-09-07,8,CUST0047,North,1,21.0,0.0
638,2024-03-07,30,CUST0079,East,10,504.0,0.05
639,2025-07-13,29,CUST0019,South,9,791.0,0.05
640,2025-07-24,8,CUST0015,East,12,21.0,0.05
641,2025-01-27,29,CUST0081,West,3,791.0,0.0
642,2024-09-19,16,CUST0093,South,10,685.0,0.15
643,2025-10-12,26,CUST0001,East,5,292.0,0.15
644,2024-02-23,24,CUST0017,North,3,29.0,0.0
645,2025-11-08,1,CUST0037,South,5,4.0,0.05
646,2024-07-27,13,CUST0086,East,12,328.0,0.15
647,2025-05-20,23,CUST0055,South,7,504.0,0.05
648,2025-04-07,13,CUST0016,South,7,328.0,0.05
649,2024-06-23,11,CUST0072,West,3,675.0,0.15
650,2024-01-08,25,CUST0075,West,5,662.0,0.15
651,2025-08-16,11,CUST0084,West,10,675.0,0.15
652,2024-04-03,13,CUST0026,North,2,328.0,0.05
653,2025-04-26,20,CUST0080,South,6,544.0,0.0
654,2024-07-23,9,CUST0037,North,3,262.0,0.15
655,2024-07-21,22,CUST0057,West,7,6.0,0.05
656,2024-08-12,13,CUST0066,West,5,328.0,0.15
657,2024-09-26,6,CUST0069,South,11,537.0,0.1
658,2024-01-06,11,CUST0078,North,3,675.0,0.15
659,2024-10-26,19,CUST0019,North,3,37.0,0.0
660,2025-12-20,23,CUST0086,West,11,504.0,0.0
661,2024-11-01,18,CUST0027,North,5,711.0,0.1
662,2025-10-25,10,CUST0089,West,5,41.0,0.0
663,2025-10-23,2,CUST0056,South,12,11.0,0.1
664,2024-05-20,16,CUST0012,North,7,685.0,0.0
665,2025-04-21,10,CUST0036,West,1,41.0,0.15
666,2024-05-03,17,CUST0097,North,12,30.0,0.1
667,2025-07-21,14,CUST0020,South,12,16.0,0.0
668,2024-09-01,12,CUST0091,South,3,125.0,0.05
669,2024-01-29,27,CUST0040,North,3,56.0,0.0
670,2024-09-18,12,CUST0070,South,4,125.0,0.1
671,2024-08-03,19,CUST0043,West,4,37.0,0.15
672,2025-08-19,23,CUST0081,South,11,504.0,0.15
673,2025-09-21,16,CUST0094,East,12,685.0,0.1
674,2025-08-12,25,CUST0004,North,3,662.0,0.05
675,2024-09-01,14,CUST0095,West,8,16.0,0.0
676,2024-02-28,26,CUST0007,East,3,292.0,0.05
677,2024-02-09,9,CUST0003,South,6,262.0,0.05
678,2024-10-20,20,CUST0051,West,1,544.0,0.0
679,2025-08-25,1,CUST0004,West,1,4.0,0.0
680,2025-11-03,15,CUST0057,West,5,546.0,0.15
681,2025-09-01,16,CUST0036,East,7,685.0,0.05
682,2024-07-04,7,CUST0092,North,9,123.0,0.0
683,2025-10-29,24,CUST0036,East,10,29.0,0.15
684,2024-08-29,11,CUST0096,West,11,675.0,0.1
685,2024-02-23,24,CUST0074,North,1,29.0,0.1
686,2024-10-18,15,CUST0034,South,3,546.0,0.05
687,2024-03-04,20,CUST0028,West,5,544.0,0.05
688,2024-09-06,27,CUST0086,East,8,56.0,0.05
689,2024-09-22,30,CUST0007,South,6,504.0,0.0
690,2024-01-21,9,CUST0096,North,10,262.0,0.15
691,2024-01-06,11,CUST0082,East,2,675.0,0.05
692,2025-03-04,6,CUST0042,South,5,537.0,0.0
693,2025-12-09,24,CUST0064,West,8,29.0,0.1
694,2024-09-12,17,CUST0074,North,6,30.0,0.1
695,2025-11-25,23,CUST0046,East,5,504.0,0.1
696,2024-11-24,23,CUST0015,West,7,504.0,0.15
697,2024-12-03,18,CUST0093,South,10,711.0,0.15
698,2024-02-06,29,CUST0037,South,9,791.0,0.0
699,2025-06-30,18,CUST0030,South,11,711.0,0.05
700,2025-05-06,27,CUST0099,South,4,56.0,0.0
701,2024-12-27,6,CUST0079,West,4,537.0,0.1
702,2024-01-20,24,CUST0058,West,1,29.0,0.1
703,2024-02-04,16,CUST0077,West,9,685.0,0.0
704,2024-03-28,12,CUST0043,East,11,125.0,0.1
705,2024-04-19,29,CUST0092,East,7,791.0,0.0
706,2024-12-14,16,CUST0064,West,3,685.0,0.05
707,2024-11-15,29,CUST0010,East,1,791.0,0.05
708,2024-01-23,30,CUST0016,West,11,504.0,0.0
709,2025-03-11,3,CUST0063,North,8,10.0,0.15
710,2024-12-31,10,CUST0016,West,7,41.0,0.0
711,2024-01-14,18,CUST0001,West,4,711.0,0.05
712,2025-10-15,25,CUST0056,North,9,662.0,0.1
713,2025-12-12,16,CUST0084,East,9,685.0,0.05
714,2024-09-26,11,CUST0081,South,6,675.0,0.1
715,2024-11-18,27,CUST0078,South,6,56.0,0.0
716,2025-09-13,3,CUST0081,South,6,10.0,0.1
717,2025-06-29,21,CUST0055,East,5,29.0,0.05
718,2024-08-20,14,CUST0100,North,5,16.0,0.05
719,2025-07-11,20,CUST0057,North,11,544.0,0.0
720,2025-12-13,3,CUST0048,East,6,10.0,0.1
721,2024-11-21,7,CUST0048,West,1,123.0,0.1
722,2025-07-23,19,CUST0031,South,12,37.0,0.0
723,2024-12-29,1,CUST0073,East,1,4.0,0.15
724,2024-09-01,20,CUST0055,North,7,544.0,0.0
725,2024-10-26,25,CUST0092,North,6,662.0,0.0
726,2024-07-22,25,CUST0010,South,10,662.0,0.0
727,2025-09-18,24,CUST0034,South,3,29.0,0.1
728,2024-04-03,16,CUST0079,South,12,685.0,0.05
729,2025-12-08,18,CUST0025,West,6,711.0,0.05
730,2025-06-19,9,CUST0056,West,2,262.0,0.1
731,2025-06-03,7,CUST0084,West,1,123.0,0.15
732,2025-12-27,12,CUST0032,East,11,125.0,0.05
733,2024-11-16,21,CUST0080,South,4,29.0,0.1
734,2025-04-21,6,CUST0003,West,8,537.0,0.15
735,2024-09-11,7,CUST0066,South,9,123.0,0.05
736,2024-01-05,4,CUST0035,East,12,23.0,0.0
737,2024-04-17,16,CUST0086,West,11,685.0,0.1
738,2025-02-07,7,CUST0095,West,1,123.0,0.0
739,2025-03-01,26,CUST0056,North,3,292.0,0.0
740,2024-05-25,16,CUST0011,East,7,685.0,0.0
741,2025-05-24,8,CUST0087,North,3,21.0,0.05
742,2024-04-12,21,CUST0073,South,5,29.0,0.05
743,2024-04-10,9,CUST0078,East,1,262.0,0.15
744,2024-04-27,27,CUST0036,West,3,56.0,0.1
745,2025-10-25,18,CUST0040,South,10,711.0,0.0
746,2024-09-07,3,CUST0069,East,1,10.0,0.0
747,2025-01-13,2,CUST0055,West,7,11.0,0.15
748,2024-03-02,12,CUST0022,South,3,125.0,0.0
749,2025-04-14,24,CUST0088,North,5,29.0,0.05
750,2024-06-12,10,CUST0055,North,8,41.0,0.1
751,2025-05-24,22,CUST0064,South,8,6.0,0.05
752,2025-11-21,18,CUST0003,North,11,711.0,0.05
753,2025-03-14,21,CUST0046,North,7,29.0,0.1
754,2025-04-17,7,CUST0097,South,11,123.0,0.1
755,2025-10-15,8,CUST0062,East,6,21.0,0.15
756,2024-11-28,12,CUST0072,East,8,125.0,0.0
757,2025-11-30,18,CUST0066,North,1,711.0,0.15
758,2024-08-02,28,CUST0039,North,5,54.0,0.1
759,2024-11-10,19,CUST0087,South,2,37.0,0.1
760,2024-04-17,5,CUST0093,West,2,491.0,0.15
761,2025-05-25,11,CUST0063,South,9,675.0,0.05
762,2024-12-05,8,CUST0057,West,2,21.0,0.1
763,2024-02-08,25,CUST0042,North,10,662.0,0.05
764,2025-10-21,4,CUST0015,East,9,23.0,0.05
765,2024-11-25,3,CUST0052,West,11,10.0,0.0
766,2024-07-27,23,CUST0031,North,2,504.0,0.0
767,2024-11-25,23,CUST0099,East,7,504.0,0.05
768,2024-08-18,26,CUST0018,North,2,292.0,0.15
769,2025-01-23,23,CUST0099,South,3,504.0,0.05
770,2024-03-25,24,CUST0010,West,11,29.0,0.05
771,2024-12-21,18,CUST0047,South,10,711.0,0.0
772,2024-08-30,10,CUST0095,North,5,41.0,0.0
773,2025-10-20,12,CUST0008,South,8,125.0,0.05
774,2024-04-13,10,CUST0089,West,4,41.0,0.1
775,2024-12-04,7,CUST0074,North,2,123.0,0.05
776,2024-10-11,30,CUST0078,North,10,504.0,0.05
777,2024-05-29,19,CUST0024,South,2,37.0,0.1
778,2024-12-04,2,CUST0087,West,7,11.0,0.05
779,2024-01-12,11,CUST0020,West,12,675.0,0.1
780,2025-01-16,2,CUST0063,South,3,11.0,0.0
781,2025-08-06,21,CUST0078,North,1,29.0,0.15
782,2024-06-08,8,CUST0021,West,10,21.0,0.1
783,2025-03-26,1,CUST0003,West,4,4.0,0.1
784,2024-01-28,26,CUST0049,North,7,292.0,0.05
785,2025-09-20,5,CUST0040,West,6,491.0,0.15
786,2024-01-13,14,CUST0099,West,2,16.0,0.05
787,2025-10-05,10,CUST0053,North,9,41.0,0.0
788,2025-04-04,6,CUST0088,North,12,537.0,0.0
789,2025-11-13,20,CUST0016,East,10,544.0,0.1
790,2024-11-30,14,CUST0026,West,3,16.0,0.15
791,2025-12-05,2,CUST0100,South,4,11.0,0.0
792,2024-11-19,12,CUST0090,North,7,125.0,0.05
793,2024-12-28,19,CUST0057,North,3,37.0,0.0
794,2024-03-16,4,CUST0093,North,4,23.0,0.1
795,2024-06-27,14,CUST0022,East,10,16.0,0.1
796,2025-08-24,11,CUST0092,South,9,675.0,0.05
797,2024-06-20,26,CUST0026,South,6,292.0,0.15
798,2024-04-14,27,CUST0096,South,12,56.0,0.05
799,2025-10-02,7,CUST0015,North,12,123.0,0.15
800,2024-08-29,18,CUST0061,South,10,711.0,0.05
801,2025-03-24,5,CUST0073,North,7,491.0,0.05
802,2024-09-19,24,CUST0027,East,11,29.0,0.15
803,2025-11-07,21,CUST0096,North,5,29.0,0.1
804,2025-01-18,23,CUST0011,East,9,504.0,0.1
805,2025-09-09,19,CUST0081,West,9,37.0,0.05
806,2024-10-30,29,CUST0071,West,8,791.0,0.15
807,2024-10-03,8,CUST0076,East,8,21.0,0.15
808,2025-09-11,19,CUST0095,South,5,37.0,0.1
809,2025-11-26,21,CUST0099,South,4,29.0,0.1
810,2024-08-14,23,CUST0068,West,6,504.0,0.15
811,2025-01-13,24,CUST0072,South,3,29.0,0.15
812,2024-03-22,21,CUST0081,West,4,29.0,0.1
813,2024-03-23,18,CUST0015,North,9,711.0,0.0
814,2024-11-12,25,CUST0023,East,2,662.0,0.1
815,2024-01-18,6,CUST0002,South,10,537.0,0.0
816,2025-08-18,15,CUST0041,West,12,546.0,0.0
817,2024-01-14,25,CUST0079,North,4,662.0,0.15
818,2025-12-07,30,CUST0092,West,9,504.0,0.0
819,2025-04-12,16,CUST0067,West,9,685.0,0.1
820,2025-10-03,21,CUST0077,East,1,29.0,0.0
821,2024-01-20,29,CUST0071,West,8,791.0,0.15
822,2025-03-16,12,CUST0036,North,7,125.0,0.1
823,2024-04-08,30,CUST0043,East,4,504.0,0.1
824,2025-08-14,11,CUST0002,South,10,675.0,0.1
825,2024-04-01,12,CUST0009,East,11,125.0,0.05
826,2024-10-05,10,CUST0056,East,7,41.0,0.1
827,2025-09-26,10,CUST0065,South,4,41.0,0.15
828,2025-07-16,16,CUST0008,East,8,685.0,0.05
829,2024-11-30,12,CUST0074,East,6,125.0,0.15
830,2025-12-24,5,CUST0038,East,3,491.0,0.05
831,2024-08-31,20,CUST0041,North,9,544.0,0.0
832,2024-11-21,27,CUST0026,North,11,56.0,0.1
833,2025-07-01,4,CUST0054,North,11,23.0,0.15
834,2025-05-11,22,CUST0003,North,12,6.0,0.1
835,2024-07-11,3,CUST0067,North,5,10.0,0.15
836,2024-12-10,3,CUST0004,East,1,10.0,0.05
837,2025-05-29,8,CUST0054,West,7,21.0,0.0
838,2025-05-16,3,CUST0032,North,7,10.0,0.1
839,2025-10-04,17,CUST0021,West,4,30.0,0.0
840,2024-03-27,19,CUST0058,West,12,37.0,0.1
841,2025-03-02,22,CUST0053,East,6,6.0,0.0
842,2024-01-13,15,CUST0020,South,3,546.0,0.05
843,2024-08-25,6,CUST0049,East,6,537.0,0.1
844,2024-12-16,5,CUST0097,West,9,491.0,0.05
845,2025-11-02,6,CUST0031,West,10,537.0,0.05
846,2024-07-16,10,CUST0046,West,1,41.0,0.15
847,2025-07-12,7,CUST0047,West,12,123.0,0.0
848,2024-02-05,1,CUST0047,North,3,4.0,0.1
849,2025-04-14,16,CUST0093,North,8,685.0,0.15
850,2024-01-28,26,CUST0077,East,10,292.0,0.0
851,2024-08-17,7,CUST0070,North,9,123.0,0.05
852,2024-05-21,24,CUST0087,West,1,29.0,0.1
853,2025-03-31,24,CUST0034,West,3,29.0,0.05
854,2025-04-28,16,CUST0068,North,7,685.0,0.1
855,2024-01-07,14,CUST0005,East,1,16.0,0.15
856,2025-03-20,17,CUST0078,North,1,30.0,0.15
857,2024-10-30,15,CUST0059,West,3,546.0,0.1
858,2025-07-06,12,CUST0050,East,3,125.0,0.15
859,2024-11-19,29,CUST0015,East,7,791.0,0.0
860,2024-07-21,26,CUST0028,West,3,292.0,0.05
861,2025-01-19,16,CUST0060,West,7,685.0,0.0
862,2024-10-11,4,CUST0001,North,1,23.0,0.05
863,2024-12-21,1,CUST0067,North,5,4.0,0.1
864,2025-10-05,19,CUST0098,South,8,37.0,0.0
865,2024-03-05,25,CUST0061,East,7,662.0,0.0
866,2025-08-23,13,CUST0011,West,11,328.0,0.1
867,2025-12-15,30,CUST0059,North,7,504.0,0.05
868,2024-07-14,26,CUST0052,West,1,292.0,0.05
869,2025-07-16,24,CUST0038,West,7,29.0,0.15
870,2025-07-13,10,CUST0078,East,5,41.0,0.15
871,2024-02-29,16,CUST0040,East,8,685.0,0.05
872,2024-01-29,20,CUST0019,South,2,544.0,0.05
873,2024-01-21,19,CUST0077,East,4,37.0,0.05
874,2024-12-23,24,CUST0026,East,11,29.0,0.0
875,2024-04-24,7,CUST0069,North,3,123.0,0.1
876,2025-12-07,18,CUST0031,South,5,711.0,0.0
877,2024-05-17,3,CUST0012,North,11,10.0,0.1
878,2025-07-06,25,CUST0099,West,11,662.0,0.15
879,2025-08-17,15,CUST0048,West,9,546.0,0.0
880,2025-05-14,6,CUST0060,West,7,537.0,0.0
881,2025-06-21,12,CUST0043,South,7,125.0,0.0
882,2024-04-23,11,CUST0033,South,1,675.0,0.15
883,2024-02-02,7,CUST0035,North,7,123.0,0.0
884,2024-01-02,3,CUST0056,North,8,10.0,0.15
885,2025-09-09,4,CUST0014,East,7,23.0,0.1
886,2025-09-04,24,CUST0005,North,11,29.0,0.15
887,2024-10-05,1,CUST0005,West,3,4.0,0.15
888,2024-06-25,25,CUST0097,South,6,662.0,0.1
889,2024-01-21,4,CUST0086,North,7,23.0,0.05
890,2024-07-02,12,CUST0016,East,8,125.0,0.05
891,2024-11-09,27,CUST0095,East,1,56.0,0.15
892,2025-01-14,21,CUST0054,South,9,29.0,0.15
893,2024-10-26,25,CUST0080,North,4,662.0,0.15
894,2024-08-30,23,CUST0001,West,4,504.0,0.15
895,2025-04-23,1,CUST0082,East,8,4.0,0.05
896,2024-04-03,7,CUST0037,South,3,123.0,0.1
897,2024-08-14,6,CUST0045,South,4,537.0,0.05
898,2024-04-22,14,CUST0040,East,1,16.0,0.1
899,2024-03-20,17,CUST0063,South,11,30.0,0.1
900,2025-02-01,18,CUST0073,North,10,711.0,0.15
901,2025-08-05,1,CUST0049,West,2,4.0,0.05
902,2024-09-25,1,CUST0042,South,2,4.0,0.1
903,2025-03-02,13,CUST0057,West,12,328.0,0.15
904,2025-03-16,3,CUST0100,South,7,10.0,0.05
905,2024-12-13,25,CUST0040,East,12,662.0,0.0
906,2025-08-01,13,CUST0085,East,7,328.0,0.1
907,2025-09-25,4,CUST0026,West,5,23.0,0.1
908,2025-11-29,11,CUST0064,West,9,675.0,0.1
909,2025-02-26,3,CUST0001,South,12,10.0,0.05
910,2024-10-21,20,CUST0026,North,10,544.0,0.0
911,2024-02-03,5,CUST0032,East,1,491.0,0.05
912,2025-11-10,2,CUST0092,South,2,11.0,0.05
913,2024-04-04,6,CUST0054,North,9,537.0,0.15
914,2025-07-02,17,CUST0030,North,12,30.0,0.1
915,2024-08-12,18,CUST0005,West,11,711.0,0.0
916,2025-10-14,15,CUST0081,South,10,546.0,0.15
917,2025-04-22,17,CUST0011,West,8,30.0,0.15
918,2024-10-14,6,CUST0039,North,8,537.0,0.0
919,2025-11-06,14,CUST0092,East,10,16.0,0.1
920,2024-06-28,23,CUST0071,West,11,504.0,0.1
921,2025-08-08,20,CUST0092,North,7,544.0,0.15
922,2025-12-22,27,CUST0024,East,6,56.0,0.15
923,2024-02-25,21,CUST0019,East,6,29.0,0.1
924,2024-01-19,24,CUST0070,West,5,29.0,0.05
925,2024-12-21,21,CUST0091,East,8,29.0,0.05
926,2024-02-06,2,CUST0029,East,9,11.0,0.15
927,2024-03-29,2,CUST0049,West,5,11.0,0.1
928,2025-11-05,27,CUST0091,West,10,56.0,0.1
929,2025-08-10,30,CUST0006,East,7,504.0,0.0
930,2025-06-06,21,CUST0007,West,5,29.0,0.0
931,2025-09-28,26,CUST0004,North,12,292.0,0.05
932,2024-01-16,11,CUST0045,East,3,675.0,0.15
933,2025-06-07,9,CUST0039,East,8,262.0,0.1
934,2025-01-19,30,CUST0027,West,12,504.0,0.15
935,2024-12-08,22,CUST0039,North,3,6.0,0.1
936,2024-11-24,5,CUST0089,West,7,491.0,0.0
937,2025-03-05,30,CUST0070,North,12,504.0,0.05
938,2025-04-25,17,CUST0078,South,12,30.0,0.15
939,2024-06-12,8,CUST0007,West,8,21.0,0.0
940,2024-07-18,4,CUST0002,South,1,23.0,0.05
941,2025-07-15,2,CUST0048,West,1,11.0,0.15
942,2024-01-07,6,CUST0097,West,2,537.0,0.05
943,2024-06-03,29,CUST0020,East,10,791.0,0.1
944,2025-03-04,6,CUST0002,North,11,537.0,0.05
945,2025-01-31,22,CUST0022,South,9,6.0,0.05
946,2024-03-06,4,CUST0051,West,8,23.0,0.1
947,2024-09-21,15,CUST0072,East,12,546.0,0.1
948,2024-01-01,5,CUST0074,West,7,491.0,0.1
949,2024-08-13,8,CUST0059,East,10,21.0,0.05
950,2024-09-28,17,CUST0009,North,6,30.0,0.15
951,2024-08-09,10,CUST0095,North,9,41.0,0.05
952,2025-09-27,15,CUST0066,West,1,546.0,0.1
953,2024-04-15,26,CUST0093,East,9,292.0,0.0
954,2025-02-26,11,CUST0087,South,2,675.0,0.05
955,2025-06-19,14,CUST0013,East,1,16.0,0.15
956,2025-05-24,24,CUST0028,East,4,29.0,0.0
957,2024-10-10,12,CUST0008,South,6,125.0,0.1
958,2024-01-07,6,CUST0026,East,11,537.0,0.1
959,2024-06-17,18,CUST0023,North,4,711.0,0.1
960,2024-03-03,30,CUST0015,North,10,504.0,0.1
961,2024-10-01,14,CUST0061,North,3,16.0,0.05
962,2024-08-06,11,CUST0078,South,10,675.0,0.05
963,2024-03-10,28,CUST0031,North,4,54.0,0.0
964,2025-06-27,15,CUST0087,South,2,546.0,0.1
965,2024-09-03,5,CUST0063,North,9,491.0,0.1
966,2024-02-26,4,CUST0024,South,9,23.0,0.0
967,2025-11-28,26,CUST0054,West,8,292.0,0.05
968,2025-12-11,26,CUST0013,North,11,292.0,0.05
969,2024-01-08,20,CUST0067,South,9,544.0,0.15
970,2024-07-26,11,CUST0038,East,11,675.0,0.15
971,2024-07-04,29,CUST0060,South,6,791.0,0.0
972,2025-07-01,14,CUST0092,East,1,16.0,0.15
973,2025-03-12,29,CUST0090,East,10,791.0,0.05
974,2025-12-20,4,CUST0022,North,4,23.0,0.15
975,2025-10-27,23,CUST0095,West,3,504.0,0.1
976,2024-10-04,16,CUST0042,North,11,685.0,0.1
977,2025-11-14,19,CUST0020,North,8,37.0,0.1
978,2024-06-21,21,CUST0012,West,12,29.0,0.1
979,2025-07-18,12,CUST0035,North,3,125.0,0.0
980,2025-02-26,22,CUST0040,West,8,6.0,0.0
981,2024-12-20,15,CUST0044,North,12,546.0,0.05
982,2025-05-23,17,CUST0016,West,11,30.0,0.15
983,2025-07-18,24,CUST0046,North,10,29.0,0.0
984,2025-01-07,13,CUST0068,West,4,328.0,0.15
985,2025-10-10,17,CUST0033,North,7,30.0,0.15
986,2024-08-30,6,CUST0035,South,2,537.0,0.05
987,2024-09-05,24,CUST0063,North,1,29.0,0.05
988,2025-12-22,26,CUST0005,South,8,292.0,0.05
989,2024-08-15,17,CUST0052,North,4,30.0,0.15
990,2024-08-31,8,CUST0080,South,7,21.0,0.05
991,2025-09-08,21,CUST0092,West,12,29.0,0.1
992,2025-12-16,15,CUST0037,West,8,546.0,0.0
993,2024-04-20,11,CUST0052,East,9,675.0,0.1
994,2024-03-23,11,CUST0003,East,3,675.0,0.0
995,2025-08-14,27,CUST0080,North,5,56.0,0.15
996,2024-08-11,5,CUST0066,North,4,491.0,0.0
997,2025-03-02,13,CUST0014,East,6,328.0,0.1
998,2024-11-15,24,CUST0056,West,8,29.0,0.15
999,2025-09-04,30,CUST0016,North,1,504.0,0.15
1000,2024-01-08,8,CUST0055,West,2,21.0,0.0
1001,2025-06-09,12,CUST0036,East,2,125.0,0.0
1002,2025-01-14,16,CUST0046,East,10,685.0,0.05
1003,2025-06-30,8,CUST0065,East,1,21.0,0.0
1004,2024-06-09,9,CUST0052,North,1,262.0,0.1
1005,2025-08-09,23,CUST0096,South,5,504.0,0.05
1006,2024-04-04,25,CUST0050,North,8,662.0,0.05
1007,2024-08-04,26,CUST0050,North,8,292.0,0.0
1008,2025-05-21,16,CUST0097,East,9,685.0,0.05
1009,2024-04-11,22,CUST0033,East,6,6.0,0.1
1010,2025-11-22,13,CUST0080,South,5,328.0,0.0
1011,2025-11-19,14,CUST0011,South,1,16.0,0.1
1012,2024-01-20,8,CUST0063,South,1,21.0,0.1
1013,2024-04-28,29,CUST0061,West,5,791.0,0.05
1014,2025-10-17,9,CUST0034,West,7,262.0,0.0
1015,2024-03-01,1,CUST0060,East,8,4.0,0.05
1016,2025-08-08,4,CUST0009,West,9,23.0,0.0
1017,2025-10-28,1,CUST0060,East,7,4.0,0.1
1018,2025-02-28,30,CUST0044,East,7,504.0,0.15
1019,2025-03-13,25,CUST0069,North,11,662.0,0.15
1020,2025-09-28,19,CUST0079,West,5,37.0,0.05
1021,2024-05-29,6,CUST0054,South,6,537.0,0.05
1022,2025-07-14,26,CUST0044,South,3,292.0,0.0
1023,2024-09-04,21,CUST0050,West,10,29.0,0.1
1024,2025-05-26,2,CUST0070,North,6,11.0,0.15
1025,2024-06-21,6,CUST0001,East,4,537.0,0.15
1026,2025-01-28,23,CUST0052,North,7,504.0,0.15
1027,2024-07-07,22,CUST0073,North,11,6.0,0.05
1028,2025-11-26,7,CUST0083,North,11,123.0,0.15
1029,2025-06-01,18,CUST0015,North,7,711.0,0.15
1030,2024-11-16,5,CUST0080,South,7,491.0,0.05
1031,2024-01-24,25,CUST0030,South,4,662.0,0.0
1032,2024-05-26,17,CUST0023,East,8,30.0,0.0
1033,2025-07-31,14,CUST0095,East,9,16.0,0.1
1034,2024-08-09,29,CUST0081,North,3,791.0,0.05
1035,2025-11-30,2,CUST0040,North,4,11.0,0.0
1036,2024-10-04,27,CUST0035,West,10,56.0,0.1
1037,2024-12-28,16,CUST0044,East,12,685.0,0.1
1038,2025-07-05,12,CUST0088,East,3,125.0,0.1
1039,2025-02-20,13,CUST0028,East,6,328.0,0.0
1040,2024-12-17,24,CUST0005,South,3,29.0,0.1
1041,2024-06-07,12,CUST0029,West,4,125.0,0.1
1042,2025-09-07,13,CUST0066,North,12,328.0,0.0
1043,2025-10-14,3,CUST0066,East,3,10.0,0.05
1044,2024-07-31,20,CUST0076,South,9,544.0,0.05
1045,2025-09-17,8,CUST0021,West,6,21.0,0.1
1046,2025-04-01,2,CUST0019,East,3,11.0,0.1
1047,2025-04-22,22,CUST0066,West,12,6.0,0.05
1048,2025-03-02,17,CUST0058,North,6,30.0,0.15
1049,2025-11-03,11,CUST0037,West,1,675.0,0.1
1050,2025-06-19,30,CUST0098,East,1,504.0,0.0
1051,2025-08-20,23,CUST0006,West,3,504.0,0.05
1052,2024-09-26,27,CUST0077,South,4,56.0,0.1
1053,2024-05-03,2,CUST0055,East,11,11.0,0.15
1054,2024-02-19,25,CUST0009,South,12,662.0,0.1
1055,2024-09-10,12,CUST0044,South,12,125.0,0.0
1056,2025-11-26,16,CUST0058,North,10,685.0,0.1
1057,2025-02-14,18,CUST0034,North,9,711.0,0.1
1058,2025-07-26,16,CUST0037,South,5,685.0,0.05
1059,2025-05-08,24,CUST0085,East,4,29.0,0.1
1060,2025-10-16,6,CUST0060,South,12,537.0,0.0
1061,2024-12-04,8,CUST0098,East,5,21.0,0.0
1062,2025-05-21,13,CUST0090,North,9,328.0,0.0
1063,2025-09-03,18,CUST0082,West,12,711.0,0.05
1064,2025-11-17,21,CUST0029,South,11,29.0,0.0
1065,2025-07-24,7,CUST0027,West,7,123.0,0.05
1066,2024-09-17,27,CUST0081,South,9,56.0,0.15
1067,2024-08-22,4,CUST0034,South,11,23.0,0.15
1068,2024-07-22,1,CUST0024,East,3,4.0,0.05
1069,2025-08-28,25,CUST0061,South,3,662.0,0.15
1070,2025-02-01,1,CUST0092,East,6,4.0,0.15
1071,2024-09-24,22,CUST0054,South,7,6.0,0.15
1072,2024-01-20,9,CUST0097,East,8,262.0,0.05
1073,2024-11-03,4,CUST0092,South,12,23.0,0.0
1074,2024-02-02,3,CUST0035,East,3,10.0,0.0
1075,2024-01-08,10,CUST0073,North,11,41.0,0.15
1076,2024-01-29,18,CUST0029,South,3,711.0,0.15
1077,2024-11-18,16,CUST0056,South,3,685.0,0.0
1078,2025-02-21,13,CUST0017,West,5,328.0,0.15
1079,2024-03-02,6,CUST0087,East,11,537.0,0.15
1080,2024-04-19,9,CUST0026,West,7,262.0,0.0
1081,2025-05-14,19,CUST0029,East,6,37.0,0.05
1082,2024-06-23,13,CUST0094,East,5,328.0,0.0
1083,2025-08-15,14,CUST0076,South,6,16.0,0.15
1084,2024-05-16,12,CUST0011,North,6,125.0,0.15
1085,2025-10-18,3,CUST0094,West,5,10.0,0.1
1086,2024-05-24,18,CUST0012,East,4,711.0,0.05
1087,2025-06-25,28,CUST0100,West,6,54.0,0.05
1088,2024-12-02,26,CUST0063,South,8,292.0,0.15
1089,2025-01-04,28,CUST0064,West,9,54.0,0.05
1090,2025-04-26,22,CUST0070,East,7,6.0,0.15
1091,2025-10-31,10,CUST0019,South,8,41.0,0.1
1092,2024-09-29,6,CUST0067,South,4,537.0,0.1
1093,2025-05-08,7,CUST0080,West,8,123.0,0.1
1094,2024-03-14,28,CUST0062,West,3,54.0,0.1
1095,2025-04-15,22,CUST0070,North,10,6.0,0.15
1096,2025-08-03,28,CUST0047,West,8,54.0,0.0
1097,2024-07-22,3,CUST0080,South,3,10.0,0.05
1098,2024-02-23,17,CUST0048,West,12,30.0,0.15
1099,2025-04-20,22,CUST0053,South,1,6.0,0.05
1100,2025-12-13,16,CUST0067,East,9,685.0,0.1
1101,2024-02-07,27,CUST0027,North,5,56.0,0.0
1102,2025-12-29,3,CUST0037,North,6,10.0,0.05
1103,2024-04-19,25,CUST0034,West,2,662.0,0.15
1104,2024-09-08,1,CUST0021,West,8,4.0,0.0
1105,2024-07-02,27,CUST0070,South,1,56.0,0.05
1106,2024-06-18,12,CUST0093,North,8,125.0,0.05
1107,2025-11-17,21,CUST0024,North,8,29.0,0.1
1108,2025-11-01,27,CUST0082,East,6,56.0,0.0
1109,2025-07-14,16,CUST0055,East,11,685.0,0.15
1110,2025-04-11,17,CUST0089,South,10,30.0,0.0
1111,2024-08-12,8,CUST0085,North,10,21.0,0.15
1112,2025-03-12,3,CUST0060,South,9,10.0,0.15
1113,2024-02-09,9,CUST0076,West,4,262.0,0.15
1114,2024-05-18,13,CUST0060,West,7,328.0,0.15
1115,2024-01-24,11,CUST0081,West,12,675.0,0.1
1116,2024-01-30,18,CUST0082,South,6,711.0,0.0
1117,2025-05-23,7,CUST0084,East,12,123.0,0.1
1118,2025-02-21,23,CUST0010,North,1,504.0,0.0
1119,2024-09-01,29,CUST0098,South,2,791.0,0.0
1120,2025-11-20,12,CUST0029,North,6,125.0,0.05
1121,2025-03-04,22,CUST0099,East,11,6.0,0.0
1122,2025-02-03,17,CUST0040,South,4,30.0,0.15
1123,2024-05-29,26,CUST0045,North,10,292.0,0.05
1124,2025-05-12,18,CUST0081,South,8,711.0,0.15
1125,2025-03-04,27,CUST0088,West,1,56.0,0.05
1126,2025-07-31,29,CUST0077,North,5,791.0,0.15
1127,2024-03-02,20,CUST0043,West,1,544.0,0.0
1128,2025-10-02,10,CUST0006,West,5,41.0,0.15
1129,2024-12-11,5,CUST0085,East,1,491.0,0.0
1130,2024-02-07,28,CUST0050,South,2,54.0,0.0
1131,2025-06-26,9,CUST0026,East,4,262.0,0.05
1132,2025-06-11,7,CUST0005,East,1,123.0,0.15
1133,2024-02-21,20,CUST0084,East,3,544.0,0.1
1134,2025-02-18,9,CUST0083,West,6,262.0,0.1
1135,2025-10-01,1,CUST0092,East,8,4.0,0.1
1136,2025-05-07,11,CUST0031,South,5,675.0,0.05
1137,2024-09-09,25,CUST0063,South,10,662.0,0.05
1138,2024-02-20,7,CUST0035,North,4,123.0,0.1
1139,2025-02-15,29,CUST0025,North,10,791.0,0.1
1140,2024-12-27,20,CUST0090,East,9,544.0,0.1
1141,2025-06-01,22,CUST0090,North,12,6.0,0.05
1142,2024-09-29,14,CUST0095,East,6,16.0,0.1
1143,2024-05-29,23,CUST0016,East,3,504.0,0.05
1144,2025-11-19,10,CUST0032,East,11,41.0,0.1
1145,2024-04-20,28,CUST0008,South,7,54.0,0.1
1146,2024-06-03,30,CUST0004,South,11,504.0,0.15
1147,2025-07-21,14,CUST0091,North,11,16.0,0.05
1148,2024-12-16,2,CUST0087,South,8,11.0,0.0
1149,2025-08-09,19,CUST0014,West,2,37.0,0.0
1150,2025-06-19,27,CUST0045,West,2,56.0,0.05
1151,2025-10-18,21,CUST0071,West,10,29.0,0.05
1152,2025-05-29,2,CUST0066,North,4,11.0,0.0
1153,2024-04-29,18,CUST0061,South,9,711.0,0.1
1154,2024-06-17,4,CUST0082,East,9,23.0,0.15
1155,2025-02-28,3,CUST0037,West,4,10.0,0.1
1156,2024-03-03,29,CUST0097,North,2,791.0,0.05
1157,2025-04-05,11,CUST0083,South,11,675.0,0.1
1158,2025-09-26,1,CUST0039,East,5,4.0,0.05
1159,2025-12-15,5,CUST0057,North,3,491.0,0.1
1160,2024-04-13,1,CUST0098,East,2,4.0,0.0
1161,2025-03-02,4,CUST0034,West,8,23.0,0.0
1162,2024-04-20,19,CUST0072,South,8,37.0,0.0
1163,2025-05-29,12,CUST0020,North,8,125.0,0.15
1164,2025-01-02,25,CUST0020,North,9,662.0,0.05
1165,2025-06-30,3,CUST0071,West,6,10.0,0.1
1166,2024-10-18,2,CUST0096,West,3,11.0,0.15
1167,2025-03-21,16,CUST0033,South,2,685.0,0.1
1168,2024-07-12,14,CUST0068,West,11,16.0,0.1
1169,2025-05-22,2,CUST0042,East,8,11.0,0.0
1170,2024-02-07,20,CUST0001,North,3,544.0,0.0
1171,2025-07-31,13,CUST0016,South,10,328.0,0.05
1172,2025-04-14,6,CUST0066,South,1,537.0,0.1
1173,2025-09-21,24,CUST0004,South,3,29.0,0.1
1174,2024-08-28,10,CUST0034,West,9,41.0,0.15
1175,2024-09-25,20,CUST0080,North,5,544.0,0.1
1176,2025-03-01,22,CUST0005,North,7,6.0,0.15
1177,2024-08-04,13,CUST0092,South,3,328.0,0.15
1178,2024-01-08,5,CUST0047,East,9,491.0,0.15
1179,2024-05-21,5,CUST0034,West,6,491.0,0.05
1180,2025-06-04,8,CUST0069,South,12,21.0,0.1
1181,2025-05-13,13,CUST0087,South,2,328.0,0.15
1182,2025-01-28,8,CUST0071,South,10,21.0,0.05
1183,2024-08-12,18,CUST0046,West,12,711.0,0.1
1184,2025-11-04,22,CUST0037,North,11,6.0,0.05
1185,2025-01-25,28,CUST0022,West,8,54.0,0.0
1186,2024-10-13,7,CUST0059,North,9,123.0,0.1
1187,2024-04-13,8,CUST0099,West,7,21.0,0.1
1188,2025-06-20,25,CUST0057,West,12,662.0,0.1
1189,2024-08-24,28,CUST0038,North,6,54.0,0.15
1190,2024-05-23,13,CUST0083,East,5,328.0,0.1
1191,2025-02-07,10,CUST0094,South,12,41.0,0.15
1192,2024-04-21,3,CUST0066,West,12,10.0,0.1
1193,2025-06-29,12,CUST0008,West,3,125.0,0.05
1194,2025-04-13,23,CUST0077,South,10,504.0,0.0
1195,2025-09-18,12,CUST0002,North,7,125.0,0.1
1196,2025-02-12,1,CUST0037,East,1,4.0,0.05
1197,2025-06-10,18,CUST0009,North,1,711.0,0.15
1198,2024-04-02,18,CUST0014,West,11,711.0,0.15
1199,2024-05-24,3,CUST0012,South,4,10.0,0.15
1200,2025-02-10,7,CUST0023,West,2,123.0,0.05
1201,2024-02-05,14,CUST0047,South,2,16.0,0.15
1202,2025-05-22,27,CUST0065,East,1,56.0,0.05
1203,2024-02-13,30,CUST0079,East,6,504.0,0.0
1204,2024-05-21,12,CUST0002,West,1,125.0,0.1
1205,2025-12-12,8,CUST0075,West,10,21.0,0.15
1206,2024-08-08,22,CUST0018,East,7,6.0,0.15
1207,2025-02-02,27,CUST0017,South,4,56.0,0.0
1208,2024-12-06,11,CUST0004,South,5,675.0,0.15
1209,2025-01-28,18,CUST0015,South,6,711.0,0.1
1210,2025-06-04,30,CUST0031,South,5,504.0,0.15
1211,2025-02-05,20,CUST0001,South,11,544.0,0.0
1212,2024-11-19,3,CUST0027,South,9,10.0,0.05
1213,2024-05-26,23,CUST0027,South,5,504.0,0.05
1214,2024-07-13,17,CUST0054,West,3,30.0,0.0
1215,2024-10-17,4,CUST0071,South,7,23.0,0.1
1216,2024-04-23,8,CUST0001,West,2,21.0,0.05
1217,2025-04-26,6,CUST0074,North,7,537.0,0.05
1218,2024-08-08,24,CUST0087,North,7,29.0,0.05
1219,2024-01-14,27,CUST0035,West,5,56.0,0.1
1220,2024-11-09,20,CUST0020,East,5,544.0,0.1
1221,2024-10-16,19,CUST0054,South,9,37.0,0.15
1222,2024-01-04,12,CUST0082,South,1,125.0,0.05
1223,2025-02-27,15,CUST0080,West,2,546.0,0.0
1224,2025-09-27,14,CUST0073,North,7,16.0,0.1
1225,2024-09-14,13,CUST0028,North,12,328.0,0.0
1226,2025-11-30,18,CUST0068,West,12,711.0,0.15
1227,2024-04-05,7,CUST0043,East,5,123.0,0.15
1228,2024-11-11,17,CUST0057,East,7,30.0,0.0
1229,2025-06-11,26,CUST0045,North,3,292.0,0.15
1230,2024-04-20,26,CUST0084,South,2,292.0,0.1
1231,2024-08-14,21,CUST0002,South,11,29.0,0.1
1232,2025-06-11,28,CUST0001,West,3,54.0,0.05
1233,2025-11-19,29,CUST0043,East,1,791.0,0.05
1234,2025-03-23,26,CUST0052,South,9,292.0,0.0
1235,2025-10-09,11,CUST0002,North,12,675.0,0.15
1236,2024-09-08,24,CUST0032,West,4,29.0,0.05
1237,2025-04-28,20,CUST0052,North,10,544.0,0.05
1238,2024-10-16,6,CUST0092,South,1,537.0,0.1
1239,2025-06-06,15,CUST0064,East,5,546.0,0.05
1240,2024-12-31,13,CUST0021,South,4,328.0,0.0
1241,2025-12-11,25,CUST0023,East,8,662.0,0.15
1242,2024-07-25,19,CUST0078,West,2,37.0,0.15
1243,2024-12-03,15,CUST0095,East,7,546.0,0.05
1244,2025-01-04,8,CUST0037,South,1,21.0,0.15
1245,2025-11-28,26,CUST0011,South,9,292.0,0.15
1246,2024-11-21,8,CUST0029,North,7,21.0,0.15
1247,2024-11-14,4,CUST0061,North,1,23.0,0.1
1248,2024-02-02,3,CUST0088,West,8,10.0,0.05
1249,2025-09-08,6,CUST0057,West,10,537.0,0.1
1250,2024-10-20,16,CUST0073,West,5,685.0,0.05
1251,2025-12-09,30,CUST0095,South,2,504.0,0.15
1252,2024-04-19,4,CUST0096,West,12,23.0,0.0
1253,2024-03-15,18,CUST0078,East,3,711.0,0.15
1254,2025-02-06,14,CUST0084,North,5,16.0,0.1
1255,2025-09-04,27,CUST0078,North,12,56.0,0.1
1256,2024-09-16,2,CUST0003,North,9,11.0,0.15
1257,2024-11-01,2,CUST0020,North,1,11.0,0.0
1258,2025-05-06,5,CUST0094,South,6,491.0,0.0
1259,2025-04-08,10,CUST0096,South,12,41.0,0.1
1260,2024-10-20,4,CUST0071,North,7,23.0,0.0
1261,2025-11-21,2,CUST0006,South,4,11.0,0.15
1262,2024-05-01,30,CUST0063,West,4,504.0,0.05
1263,2025-01-05,21,CUST0083,South,9,29.0,0.15
1264,2025-07-12,1,CUST0049,North,1,4.0,0.1
1265,2025-09-12,20,CUST0013,North,12,544.0,0.1
1266,2024-05-07,2,CUST0028,South,11,11.0,0.15
1267,2025-07-11,20,CUST0087,South,7,544.0,0.15
1268,2025-04-18,24,CUST0078,West,5,29.0,0.05
1269,2025-04-29,28,CUST0065,South,7,54.0,0.05
1270,2024-05-14,5,CUST0002,East,8,491.0,0.05
1271,2025-04-01,7,CUST0098,East,11,123.0,0.05
1272,2024-11-08,22,CUST0006,South,10,6.0,0.0
1273,2024-01-12,16,CUST0011,North,8,685.0,0.05
1274,2024-03-09,16,CUST0048,West,10,685.0,0.15
1275,2025-04-14,16,CUST0072,South,8,685.0,0.0
1276,2024-02-08,18,CUST0032,South,7,711.0,0.0
1277,2024-09-10,18,CUST0013,West,10,711.0,0.15
1278,2024-08-01,11,CUST0067,West,1,675.0,0.0
1279,2025-03-11,7,CUST0044,North,2,123.0,0.05
1280,2025-03-28,14,CUST0025,North,4,16.0,0.0
1281,2025-04-15,14,CUST0054,East,5,16.0,0.15
1282,2024-06-03,23,CUST0064,East,2,504.0,0.05
1283,2024-08-08,28,CUST0027,West,5,54.0,0.15
1284,2024-12-17,7,CUST0006,West,1,123.0,0.1
1285,2025-07-12,12,CUST0017,East,10,125.0,0.15
1286,2024-02-01,26,CUST0041,North,8,292.0,0.15
1287,2024-10-14,2,CUST0030,East,12,11.0,0.0
1288,2025-10-01,11,CUST0032,North,4,675.0,0.15
1289,2025-07-14,30,CUST0002,North,8,504.0,0.0
1290,2025-07-16,18,CUST0018,North,9,711.0,0.0
1291,2024-12-09,9,CUST0002,West,6,262.0,0.1
1292,2025-11-14,20,CUST0011,North,10,544.0,0.0
1293,2024-12-14,16,CUST0096,North,1,685.0,0.05
1294,2024-07-30,1,CUST0017,West,3,4.0,0.1
1295,2025-03-22,25,CUST0004,West,12,662.0,0.05
1296,2024-04-17,7,CUST0071,North,10,123.0,0.05
1297,2024-09-20,30,CUST0011,South,4,504.0,0.1
1298,2024-09-06,16,CUST0056,North,4,685.0,0.15
1299,2024-11-22,30,CUST0071,South,1,504.0,0.05
1300,2025-07-13,5,CUST0010,South,5,491.0,0.15
1301,2025-01-25,14,CUST0036,North,12,16.0,0.15
1302,2024-04-15,29,CUST0068,East,12,791.0,0.15
1303,2025-02-03,5,CUST0028,South,5,491.0,0.0
1304,2025-10-14,21,CUST0085,West,2,29.0,0.1
1305,2024-08-28,10,CUST0022,East,7,41.0,0.0
1306,2024-11-23,27,CUST0052,South,8,56.0,0.15
1307,2025-09-09,6,CUST0028,North,3,537.0,0.1
1308,2024-11-04,25,CUST0096,West,2,662.0,0.0
1309,2025-06-13,11,CUST0019,South,10,675.0,0.1
1310,2024-06-26,25,CUST0094,East,12,662.0,0.1
1311,2025-05-01,20,CUST0018,North,5,544.0,0.1
1312,2024-02-01,8,CUST0044,North,5,21.0,0.05
1313,2024-04-30,16,CUST0070,North,5,685.0,0.05
1314,2024-03-07,23,CUST0090,North,3,504.0,0.15
1315,2024-04-25,7,CUST0047,North,7,123.0,0.15
1316,2024-10-09,14,CUST0061,South,1,16.0,0.05
1317,2025-01-23,23,CUST0051,East,1,504.0,0.0
1318,2024-03-24,22,CUST0056,South,1,6.0,0.15
1319,2024-10-20,29,CUST0006,North,8,791.0,0.05
1320,2024-12-24,23,CUST0090,East,3,504.0,0.0
1321,2024-03-30,20,CUST0012,South,10,544.0,0.05
1322,2025-03-04,14,CUST0056,West,3,16.0,0.05
1323,2024-04-07,12,CUST0088,North,7,125.0,0.15
1324,2024-01-17,2,CUST0021,South,4,11.0,0.0
1325,2025-05-28,25,CUST0099,North,6,662.0,0.0
1326,2024-03-24,8,CUST0099,North,7,21.0,0.0
1327,2024-02-08,5,CUST0040,East,9,491.0,0.15
1328,2024-04-27,9,CUST0016,East,6,262.0,0.15
1329,2025-03-06,25,CUST0033,East,11,662.0,0.0
1330,2024-12-08,17,CUST0029,North,9,30.0,0.1
1331,2025-07-29,2,CUST0035,West,3,11.0,0.05
1332,2024-11-19,24,CUST0042,West,4,29.0,0.0
1333,2025-07-12,7,CUST0089,East,2,123.0,0.1
1334,2025-11-21,29,CUST0039,South,1,791.0,0.1
1335,2024-01-17,11,CUST0042,North,11,675.0,0.05
1336,2025-06-16,27,CUST0014,South,2,56.0,0.0
1337,2024-08-28,24,CUST0035,East,10,29.0,0.05
1338,2024-04-14,27,CUST0046,North,4,56.0,0.15
1339,2024-04-10,11,CUST0076,South,8,675.0,0.05
1340,2024-07-12,14,CUST0059,North,8,16.0,0.15
1341,2025-08-18,25,CUST0034,East,6,662.0,0.05
1342,2025-07-21,15,CUST0098,East,6,546.0,0.1
1343,2024-09-02,16,CUST0005,North,3,685.0,0.1
1344,2025-12-11,18,CUST0039,North,4,711.0,0.15
1345,2024-10-23,24,CUST0031,North,4,29.0,0.05
1346,2024-04-06,28,CUST0036,East,8,54.0,0.0
1347,2024-01-03,28,CUST0007,South,12,54.0,0.15
1348,2025-03-11,18,CUST0036,East,12,711.0,0.0
1349,2024-01-04,24,CUST0044,North,2,29.0,0.05
1350,2025-07-06,6,CUST0093,North,8,537.0,0.05
1351,2025-04-21,4,CUST0013,North,7,23.0,0.05
1352,2024-11-09,27,CUST0063,East,5,56.0,0.0
1353,2025-03-13,9,CUST0061,East,7,262.0,0.05
1354,2025-10-12,9,CUST0047,East,1,262.0,0.15
1355,2024-11-05,4,CUST0031,West,4,23.0,0.15
1356,2024-11-13,28,CUST0060,North,12,54.0,0.05
1357,2024-04-12,1,CUST0100,South,7,4.0,0.15
1358,2025-09-29,8,CUST0035,West,6,21.0,0.15
1359,2024-02-29,8,CUST0051,East,12,21.0,0.1
1360,2024-05-28,3,CUST0014,South,3,10.0,0.05
1361,2025-10-06,3,CUST0047,North,4,10.0,0.15
1362,2025-10-29,8,CUST0053,North,8,21.0,0.0
1363,2025-06-17,1,CUST0062,West,1,4.0,0.0
1364,2024-01-08,8,CUST0094,North,6,21.0,0.1
1365,2025-01-23,25,CUST0002,East,10,662.0,0.05
1366,2024-10-24,7,CUST0049,North,7,123.0,0.0
1367,2025-09-25,23,CUST0086,East,11,504.0,0.05
1368,2025-09-01,3,CUST0009,South,6,10.0,0.15
1369,2025-03-26,6,CUST0010,East,1,537.0,0.0
1370,2025-10-02,18,CUST0008,South,7,711.0,0.15
1371,2025-03-29,5,CUST0100,West,11,491.0,0.1
1372,2025-04-28,18,CUST0040,North,10,711.0,0.05
1373,2025-06-26,21,CUST0053,West,4,29.0,0.05
1374,2024-03-12,10,CUST0051,South,9,41.0,0.05
1375,2025-02-16,9,CUST0056,East,7,262.0,0.1
1376,2024-06-19,3,CUST0088,South,1,10.0,0.0
1377,2025-04-14,2,CUST0046,North,9,11.0,0.1
1378,2024-06-12,23,CUST0100,North,9,504.0,0.15
1379,2025-07-17,9,CUST0027,West,12,262.0,0.05
1380,2025-06-12,17,CUST0072,West,3,30.0,0.05
1381,2025-10-09,27,CUST0067,East,8,56.0,0.0
1382,2025-12-18,10,CUST0098,North,2,41.0,0.05
1383,2025-04-13,5,CUST0099,East,9,491.0,0.05
1384,2025-04-06,14,CUST0056,West,12,16.0,0.15
1385,2024-08-21,28,CUST0097,North,9,54.0,0.05
1386,2025-04-29,15,CUST0030,West,9,546.0,0.15
1387,2024-12-15,10,CUST0063,East,5,41.0,0.0
1388,2024-04-12,17,CUST0086,East,5,30.0,0.15
1389,2025-02-20,19,CUST0053,East,12,37.0,0.0
1390,2025-12-27,22,CUST0016,South,4,6.0,0.05
1391,2024-06-12,6,CUST0073,West,4,537.0,0.15
1392,2025-12-31,19,CUST0044,South,10,37.0,0.05
1393,2024-01-26,4,CUST0037,North,5,23.0,0.05
1394,2025-12-04,21,CUST0069,North,10,29.0,0.1
1395,2024-08-21,12,CUST0035,South,10,125.0,0.15
1396,2024-07-12,14,CUST0004,South,11,16.0,0.1
1397,2025-07-09,10,CUST0096,East,5,41.0,0.0
1398,2024-10-02,30,CUST0026,North,12,504.0,0.1
1399,2025-02-22,16,CUST0001,West,7,685.0,0.1
1400,2024-07-20,8,CUST0012,West,10,21.0,0.15
1401,2024-02-08,29,CUST0017,South,7,791.0,0.0
1402,2025-12-20,11,CUST0017,South,12,675.0,0.15
1403,2025-01-04,26,CUST0078,West,6,292.0,0.0
1404,2025-06-24,3,CUST0092,East,3,10.0,0.15
1405,2024-02-15,14,CUST0080,East,12,16.0,0.0
1406,2025-06-28,19,CUST0008,East,7,37.0,0.1
1407,2025-01-14,18,CUST0071,North,12,711.0,0.05
1408,2025-11-18,14,CUST0034,East,6,16.0,0.05
1409,2025-02-01,14,CUST0006,East,9,16.0,0.0
1410,2024-06-20,8,CUST0045,North,6,21.0,0.15
1411,2024-04-19,5,CUST0089,South,8,491.0,0.1
1412,2024-04-05,1,CUST0053,North,5,4.0,0.05
1413,2024-09-06,15,CUST0078,West,7,546.0,0.1
1414,2024-08-23,12,CUST0063,South,11,125.0,0.0
1415,2024-05-04,5,CUST0099,South,10,491.0,0.0
1416,2024-07-29,29,CUST0061,East,12,791.0,0.15
1417,2025-10-28,27,CUST0078,East,1,56.0,0.05
1418,2024-06-20,8,CUST0084,South,9,21.0,0.05
1419,2025-05-29,4,CUST0061,West,2,23.0,0.15
1420,2024-07-20,20,CUST0049,East,12,544.0,0.0
1421,2025-10-04,1,CUST0063,North,11,4.0,0.15
1422,2024-06-24,17,CUST0037,North,4,30.0,0.1
1423,2025-05-03,12,CUST0098,East,6,125.0,0.15
1424,2024-12-19,8,CUST0065,East,6,21.0,0.15
1425,2024-09-05,18,CUST0087,West,8,711.0,0.1
1426,2025-12-14,17,CUST0079,West,6,30.0,0.05
1427,2024-11-09,30,CUST0049,East,2,504.0,0.0
1428,2025-10-18,19,CUST0068,South,10,37.0,0.1
1429,2025-12-01,19,CUST0092,East,6,37.0,0.0
1430,2025-05-08,21,CUST0081,South,6,29.0,0.0
1431,2025-04-22,8,CUST0010,East,2,21.0,0.15
1432,2025-10-03,20,CUST0071,South,7,544.0,0.05
1433,2024-12-10,12,CUST0058,West,6,125.0,0.15
1434,2025-04-06,18,CUST0066,North,4,711.0,0.0
1435,2025-12-02,10,CUST0051,West,6,41.0,0.0
1436,2024-02-03,19,CUST0048,South,9,37.0,0.05
1437,2025-02-13,13,CUST0100,East,10,328.0,0.15
1438,2025-12-01,23,CUST0043,North,8,504.0,0.05
1439,2024-01-27,5,CUST0078,North,3,491.0,0.0
1440,2025-05-06,11,CUST0004,South,3,675.0,0.1
1441,2025-09-18,18,CUST0011,North,5,711.0,0.05
1442,2025-05-18,22,CUST0061,West,1,6.0,0.05
1443,2025-06-13,25,CUST0071,North,3,662.0,0.1
1444,2025-12-12,29,CUST0050,South,1,791.0,0.05
1445,2024-10-03,26,CUST0011,West,12,292.0,0.1
1446,2024-06-20,13,CUST0026,North,12,328.0,0.05
1447,2024-06-03,13,CUST0050,West,5,328.0,0.15
1448,2024-01-09,4,CUST0065,North,3,23.0,0.0
1449,2024-08-08,11,CUST0088,North,1,675.0,0.15
1450,2024-09-22,11,CUST0042,South,1,675.0,0.0
1451,2024-04-21,19,CUST0045,West,10,37.0,0.05
1452,2025-07-19,11,CUST0080,West,7,675.0,0.05
1453,2024-10-18,17,CUST0072,North,1,30.0,0.05
1454,2025-10-01,15,CUST0054,South,12,546.0,0.1
1455,2025-04-09,10,CUST0044,West,10,41.0,0.1
1456,2024-10-14,23,CUST0046,West,9,504.0,0.0
1457,2025-05-23,6,CUST0083,East,11,537.0,0.1
1458,2025-09-03,2,CUST0079,South,11,11.0,0.05
1459,2025-06-12,21,CUST0075,East,9,29.0,0.0
1460,2025-09-21,15,CUST0080,South,7,546.0,0.0
1461,2025-01-13,15,CUST0089,West,11,546.0,0.1
1462,2025-11-26,19,CUST0063,West,11,37.0,0.1
1463,2025-08-17,13,CUST0080,South,5,328.0,0.05
1464,2024-02-19,16,CUST0012,East,3,685.0,0.15
1465,2024-03-28,19,CUST0038,South,10,37.0,0.05
1466,2025-05-10,1,CUST0022,East,2,4.0,0.0
1467,2025-02-06,27,CUST0028,West,10,56.0,0.1
1468,2024-09-22,6,CUST0047,East,5,537.0,0.15
1469,2024-08-23,22,CUST0018,South,2,6.0,0.1
1470,2024-04-24,12,CUST0098,East,3,125.0,0.1
1471,2024-01-14,25,CUST0085,East,3,662.0,0.0
1472,2024-01-13,21,CUST0025,East,7,29.0,0.05
1473,2024-04-05,17,CUST0095,South,12,30.0,0.15
1474,2024-06-09,4,CUST0061,East,12,23.0,0.05
1475,2024-08-06,10,CUST0053,North,5,41.0,0.0
1476,2025-06-26,26,CUST0065,West,8,292.0,0.0
1477,2024-08-12,14,CUST0041,North,1,16.0,0.1
1478,2025-10-02,9,CUST0092,East,2,262.0,0.0
1479,2024-04-04,8,CUST0088,West,11,21.0,0.15
1480,2025-09-22,25,CUST0020,East,4,662.0,0.15
1481,2025-01-03,18,CUST0078,South,7,711.0,0.0
1482,2025-01-11,14,CUST0002,South,7,16.0,0.0
1483,2024-03-02,23,CUST0018,North,11,504.0,0.05
1484,2024-03-21,9,CUST0087,North,8,262.0,0.15
1485,2025-10-24,5,CUST0059,West,3,491.0,0.15
1486,2025-10-07,27,CUST0032,South,12,56.0,0.0
1487,2025-02-26,23,CUST0017,North,4,504.0,0.15
1488,2024-07-05,24,CUST0047,North,6,29.0,0.1
1489,2024-12-19,9,CUST0054,West,1,262.0,0.0
1490,2025-06-17,20,CUST0019,South,6,544.0,0.15
1491,2024-04-27,24,CUST0085,West,5,29.0,0.05
1492,2024-07-15,4,CUST0084,East,12,23.0,0.1
1493,2024-03-25,14,CUST0027,West,10,16.0,0.0
1494,2025-12-29,24,CUST0002,North,7,29.0,0.15
1495,2024-08-02,14,CUST0008,South,2,16.0,0.15
1496,2025-12-23,2,CUST0069,South,6,11.0,0.05
1497,2025-01-02,18,CUST0002,West,8,711.0,0.15
1498,2024-02-12,1,CUST0040,West,10,4.0,0.1
1499,2025-08-02,9,CUST0047,South,3,262.0,0.0
1500,2025-07-20,24,CUST0011,North,11,29.0,0.15
